Authors,Title,Year,Abstract,Cited by
Chang C.-H.; Chen M.; Tsai M.-H.; Huang Y.-C.; Liou H.-H.; Shia B.-C.; Liang C.; Fang Y.-W.,Machine Learning Prediction of Progression to Dialysis in Patients With Polycystic Kidney Disease: Population-Based Retrospective Cohort Study,2026,"Background: Autosomal dominant polycystic kidney disease (ADPKD), characterized by progressive cyst growth and renal decline, is the leading genetic cause of end‐stage renal disease. Objective: This study aims to develop and validate machine learning (ML) models for predicting the risk of progression to dialysis in patients with ADPKD using a nationwide administrative database. Early identification of high-risk patients is critical for timely monitoring. Methods: This retrospective cohort study used data from Taiwan’s National Health Insurance Research Database (2007‐2018) to identify newly diagnosed patients with ADPKD. Six ML algorithms, including logistic regression, random forest, and extreme gradient boosting (XGBoost), were employed to predict progression to dialysis. Models were developed using 10-fold cross-validation, with the Synthetic Minority Oversampling Technique applied within training folds to address class imbalance. An ensemble-based feature selection strategy was implemented to identify the most robust predictors and optimize final model performance. Model evaluation was conducted using a strict temporal split. Results: The study included 1856 patients with ADPKD, of whom 302 (16.27%) progressed to dialysis. Multivariable Cox regression identified several significant risk factors, including age 66 years and older (hazard ratio [HR] 4.63, 95% CI 2.71‐7.92; P<.001), anemia (HR 4.33, 95% CI 3.25‐5.78; P<.001), congestive heart failure (HR 1.81, 95% CI 1.29‐2.54; P<.001), and acute kidney injury (HR 1.69, 95% CI 1.19‐2.41; P=.003). Among the ML models, the XGBoost model, using an optimized set of 27 features, demonstrated the highest predictive performance on the held-out temporal test set (accuracy 98.3%; area under the curve 0.955; F1-score 0.800; Brier score 0.022). The top predictors in the XGBoost model largely aligned with age, comorbidity burden, anemia, and cardiovascular disease markers. Medication use (eg, anticoagulants, loop diuretics, febuxostat) was also among the most influential predictors; however, medication-related predictors should be interpreted as proxies for disease complexity rather than direct risk modulators. Conclusions: ML models can predict dialysis risk in patients with ADPKD using administrative data with temporal validation. This approach may support risk stratification by helping identify individuals at higher predicted risk who may warrant closer monitoring and further specialist evaluation. © Cheng-Hao Chang, Mingchih Chen, Ming-Hsien Tsai, Yen-Chun Huang, Hung-Hsiang Liou, Ben-Chang Shia, Chingying Liang, Yu-Wei Fang.",
Dukhi N.; Sewpaul R.; Sekgala M.D.; Awe O.O.,Artificial intelligence approach for analyzing anaemia prevalence in children and adolescents in brics countries: A review,2021,"Anemia prevalence, especially among children and adolescents, is a serious public health burden in the BRICS countries. This article gives an overview of the current anaemia status in children and adolescents in three BRICS countries, as part of a study that utilizes an artificial intelligence approach for analyzing anaemia prevalence in children and adolescents in South Africa, India and Russia. It posits that the use of machine learning in this area of health research is still novel. The weightage assessment of the crosslink between anaemia risk indicators using a machine learning approach will assist policy makers in identifying the areas of priority to intervene in the BRICS participating countries. Health interventions utilizing artificial intelligence and more specifically, machine learning techniques, remains nascent in LMICs but could lead to improved health outcomes. © 2021 The Author(s).",21.0
Beninger P.,Pharmacovigilance: An Overview,2018,"Purpose: Pharmacovigilance (PV) is a relatively new discipline in the pharmaceutical industry. Having undergone rapid growth over the past 2 decades, PV now touches many other disciplines in the research and development enterprise. With its growth has come a heightened awareness and interest in the medical community about the roles that PV plays. This article provides insights into the background and inner workings of PV. Methods: This narrative review covers the core PV activities and other major areas of the pharmaceutical enterprise in which PV makes significant contributions. Findings: Drug safety monitoring activities were organized by the US Food and Drug Administration and academic medical centers in the early 1950s in response to growing concern over the occurrence of aplastic anemia and other blood dyscrasias associated with the use of chloramphenicol. This experience was codified in the 1962 Kefauver-Harris Amendments to the Federal Food, Drug and Cosmetic Act as adverse event evaluation and reporting requirements. The ensuing decades have seen the development of core PV functions for pharmaceutical companies: case management, signal management, and benefit-risk management. A broader scope of PV has developed to include the following major activities: support of patient safety during the conduct of clinical trials through assuring proper use of informed consent and institutional review boards (ethics committees); selection of the first safe dose for use in humans, based on pharmacologic data obtained in animal studies; development of the safety profile for proper use of a new molecular entity and appropriate communication of that information to the range of relevant stakeholders; attendance to surveillance activities through a set of signal management processes; monitoring the manufactured product itself through collaborative activities with manufacturing professionals; management of benefit–risk to assure appropriate use in medical care after marketing; and maintenance of inspection readiness as a corporate cultural process. Implications: The extent and pace of change promise to accelerate with the integration of biomedical informatics, analytics, artificial intelligence, and machine learning. This progress has implications for the development of the next generation of PV professionals who will need to be trained in entirely new skill sets to lead continued improvements in the safe use of pharmaceuticals. © 2018 Elsevier Inc.",130.0
Shahid A.; Zahra A.; Aslam S.; Shamim A.; Ali W.R.; Aslam B.; Khan S.H.; Arshad M.I.,Appraisal of CRISPR Technology as an Innovative Screening to Therapeutic Toolkit for Genetic Disorders,2026,"The high frequency of genetic diseases compels the development of refined diagnostic and therapeutic systems. CRISPR is a precise genome editing tool that offers detection of genetic mutation with high sensitivity, specificity and flexibility for point-of-care testing in low resource environment. Advancements in CRISPR ushered new hope for the detection of genetic diseases. This review aims to explore the recent advances in CRISPR for the detection and treatment of genetic disorders. It delves into the advances like next-generation CRISPR diagnostics like nano-biosensors, digitalized CRISPR, and omics-integrated CRISPR technologies to enhance the detection limits and to facilitate the “lab-on-chip” technologies. Additionally, therapeutic potential of CRISPR technologies is reviewed to evaluate the implementation potential of CRISPR technologies for the treatment of hematological diseases, (sickle cell anemia and β-thalassemia), HIV, cancer, cardiovascular diseases, and neurological disorders, etc. Emerging CRISPR therapeutic approaches such as base/epigenetic editing and stem cells for the development of foreseen CRIPSR drugs are explored for the development of point-of-care testing. A combination of predictive models of artificial intelligence and machine learning with growing knowledge of genetic disorders has also been discussed to understand their role in acceleration of genetic detection. Ethical consideration are briefly discussed towards to end of review. This review provides the comprehensive insights into advances in the CRISPR diagnostics/therapeutics which are believed to pave the way for reliable, effective, and low-cost genetic testing. © The Author(s), under exclusive licence to Springer Science+Business Media, LLC, part of Springer Nature 2025.",
Yu E.A.; Zacharias H.U.; Kelly S.; Vichinsky E.,Improving healthspan among people with sickle cell disease: Leveraging precision health in an era of treatments with curative intent,2024,[No abstract available],
Alves V.M.; Korn D.; Pervitsky V.; Thieme A.; Capuzzi S.J.; Baker N.; Chirkova R.; Ekins S.; Muratov E.N.; Hickey A.; Tropsha A.,Knowledge-based approaches to drug discovery for rare diseases,2022,"The conventional drug discovery pipeline has proven to be unsustainable for rare diseases. Herein, we discuss recent advances in biomedical knowledge mining applied to discovering therapeutics for rare diseases. We summarize current chemogenomics data of relevance to rare diseases and provide a perspective on the effectiveness of machine learning (ML) and biomedical knowledge graph mining in rare disease drug discovery. We illustrate the power of these methodologies using a chordoma case study. We expect that a broader application of knowledge graph mining and artificial intelligence (AI) approaches will expedite the discovery of viable drug candidates against both rare and common diseases. © 2021",40.0
Dey M.; Kamal A.H.M.,An Efficient Machine Learning Technique to Predict Chronic Kidney Disease (CKD),2026,"Chronic Kidney Disease (CKD) is a pressing global health issue that affects millions of individuals and requires early prediction to reduce severe complications and improve clinical outcomes. In this study, an efficient machine learning framework is proposed to predict CKD with high accuracy and generalization ability. Feature significance was analyzed using three statistical measures—heatmap correlation analysis, information gain, and standard deviation—calculated for average, minimum, and maximum values. To evaluate predictive performance, Logistic Regression (LR), Support Vector Machine (SVM), and Multi-Layer Perceptron (MLP) classifiers were employed. Experimental findings reveal that the average feature scores deliver the highest classification accuracy (100%), while the minimum values yield reduced model complexity without sacrificing performance. Specifically, by eliminating nine non-critical features (specific gravity, packed cell volume, hemoglobin, red blood cell count, bacteria, coronary artery disease, pus cell clumps, anemia, and pedal edema), Logistic Regression achieved 100% accuracy. Likewise, the maximum-value-based evaluation reported an accuracy of 96.75% when one redundant feature was removed. These results demonstrate the effectiveness of selective feature elimination in minimizing computational load while maintaining robust prediction capability. The proposed methodology enhances early CKD detection, supports timely medical interventions, and offers a cost-efficient diagnostic tool. The novelty of this work lies in the integration of three feature importance measures to optimize model performance, thereby contributing a mathematically balanced and clinically significant framework for CKD prediction. © 2025, National Institute of Science Communication and Policy Research. All rights reserved.",
Zhu H.; Huang J.; Zheng J.; Zhou C.; Zhu T.; Zhang M.; Zhao L.; Wu X.; Xue J.; Zhou X.-N.; Li S.; Qian M.,Spatial distribution patterns and risk factors of hookworm disease in China: A study based on successive national surveillance,2025,"Background Hookworm infection, a neglected tropical disease (NTD) causing iron-deficiency anaemia and malnutrition in low-income populations with poor sanitation, poses a considerable public health challenge in China and worldwide. Methods National surveillance across 31 provincial-level administrative divisions (PLADs) from 2016 to 2021 assessed regional and population-specific hookworm prevalence. Geospatial methods, such as global and local autocorrelation, hotspot detection, spatiotemporal clustering detection and standard deviation ellipse (SDE) analysis characterized distribution patterns. Machine learning identified key determinants and their associations with infection rates, revealing primary influence factors based on 7,929 township records and 40 environmental, climatic and anthropogenic variables. Results Significant geographic disparities emerged, with the highest infection rates in south-western regions and the lowest in the Northeast. Spatial analyses demonstrated significant clustering, with persistent south-western hotspots and northeastern coldspots (P < 0.001). Spatiotemporal scanning identified three significant clusters, while SDE analysis indicated stable northeast-southwest orientation with minimal centroid variation. Females and individuals ≥60 years showed elevated susceptibility. Machine learning demonstrated strong predictive capacity, with key risk factors identified as the frequency of barefoot farming, land cover, average relative humidity in the third quarter and average monthly sunshine duration in the third quarter. Conclusions Hookworm disease clusters in south-western China, disproportionately affecting women and the elderly. Barefoot farming emerged as the primary risk factor, with infection rates positively associated with temperature, humidity and negatively with sunlight duration. The results support recommendations to target intervention zones in endemic areas, implement population-specific prevention programs and intensify health education to advance transmission control. © 2025 Zhu et al.",
Nemlander E.; Abedi E.; Ljungman P.; Hasselström J.; Carlsson A.C.; Rosenblad A.,"The Stockholm early detection of cancer study (STEADY-CAN): rationale, design, data collection, and baseline characteristics for 2.7 million participants",2025,"The Stockholm Early Detection of Cancer Study (STEADY-CAN) cohort was established to investigate strategies for early cancer detection in a population-based context within Stockholm County, the capital region of Sweden. Utilising real-world data to explore cancer-related healthcare patterns and outcomes, the cohort links extensive clinical and laboratory data from both inpatient and outpatient care in the region. The dataset includes demographic information, detailed diagnostic codes, laboratory results, prescribed medications, and healthcare utilisation data. Since its inception, STEADY-CAN has collected longitudinal data on 2,732,005 individuals aged ≥ 18 years old living in or having access to health care in Stockholm County during the years 2011–2021. Focusing on cancer, the cohort includes 140,042 (5.1%) individuals with incident cancer and a control group of 2,591,963 (94.9%) cancer-free individuals. The cohort’s diverse adult population enables robust analyses of early symptom detection, incidental findings, and the impact of comorbidities on cancer diagnoses. Utilizing the wide range of available laboratory data and clinical variables allow for advanced statistical analyses and adjustments for important confounding factors. The cohort’s primary focus is to improve understanding of the early diagnostic phase of cancer, offer-ing a crucial resource for studying cancer detection in clinical practice. Its comprehensive data collection provides unique opportunities for research into comorbidities and cancer outcomes, making the cohort a useful resource for ongoing cancer surveillance and public health strategies. The present study gives a detailed description of the rationale for creating the STEADY-CAN cohort, its design, the data collection procedure, and baseline characteristics of collected data. © The Author(s) 2025.",
Kulasekararaj A.G.,AI for AA: machine learning makes an entry,2023,[No abstract available],2.0
Radakovich N.; Nagy M.; Nazha A.,Machine learning in haematological malignancies,2020,"Machine learning is a branch of computer science and statistics that generates predictive or descriptive models by learning from training data rather than by being rigidly programmed. It has attracted substantial attention for its many applications in medicine, both as a catalyst for research and as a means of improving clinical care across the cycle of diagnosis, prognosis, and treatment of disease. These applications include the management of haematological malignancy, in which machine learning has created inroads in pathology, radiology, genomics, and the analysis of electronic health record data. As computational power becomes cheaper and the tools for implementing machine learning become increasingly democratised, it is likely to become increasingly integrated into the research and practice landscape of haematology. As such, machine learning merits understanding and attention from researchers and clinicians alike. This narrative Review describes important concepts in machine learning for unfamiliar readers, details machine learning's current applications in haematological malignancy, and summarises important concepts for clinicians to be aware of when appraising research that uses machine learning. © 2020 Elsevier Ltd",107.0
Dalvi P.T.; Gawas M.A.,A comprehensive review of machine learning approaches for detecting anemia and abnormal red blood cells using RBC indices and medical imaging,2026,"Anemia affects more than one billion people globally. It is caused by low hemoglobin levels resulting from iron or vitamin deficiencies, blood loss or genetic conditions like sickle cell anemia and thalassemia. Anemia diagnosis is challenging due to costly blood tests, lack of medical personnel and limited infrastructure especially in rural areas. Machine learning models can analyze the records of complete blood count and images of blood smears, eye conjunctiva, lip mucosa, fingernails, and palms for anemia detection, and therefore eliminate the need for expert healthcare professionals. This study reviews artificial intelligence techniques to diagnose three types of anemia: iron deficiency, sickle cell disease and thalassemia. For each type of anemia, we have compared machine learning, deep learning, optimization algorithms, hybrid algorithms and other techniques in terms of accuracy, key features, research gaps and future scope. We have also assessed the dataset sizes and their sources used in these studies to explore any correlation with models accuracy. Artificial intelligence can be integrated into real-time anemia diagnosis as it offers non-invasive, quick, affordable and accurate solution with explainable AI techniques to enhance physicians trust and usability particularly in remote areas. However, traditional invasive tests, such as the complete blood count and peripheral blood smear examinations are still the preferred choices for accurate anemia diagnosis, despite being time-intensive, labor-intensive, and requiring medical expertise. Integrating AI into these invasive diagnostic methods can still be highly useful, as it can reduce the burden on healthcare professionals and help them in diagnostic confirmation. © The Author(s) 2025.",
Scala A.; Trunfio T.A.; Improta G.,The classification algorithms to support the management of the patient with femur fracture,2024,"Effectiveness in health care is a specific characteristic of each intervention and outcome evaluated. Especially with regard to surgical interventions, organization, structure and processes play a key role in determining this parameter. In addition, health care services by definition operate in a context of limited resources, so rationalization of service organization becomes the primary goal for health care management. This aspect becomes even more relevant for those surgical services for which there are high volumes. Therefore, in order to support and optimize the management of patients undergoing surgical procedures, the data analysis could play a significant role. To this end, in this study used different classification algorithms for characterizing the process of patients undergoing surgery for a femoral neck fracture. The models showed significant accuracy with values of 81%, and parameters such as Anaemia and Gender proved to be determined risk factors for the patient’s length of stay. The predictive power of the implemented model is assessed and discussed in view of its capability to support the management and optimisation of the hospitalisation process for femoral neck fracture, and is compared with different model in order to identify the most promising algorithms. In the end, the support of artificial intelligence algorithms laying the basis for building more accurate decision-support tools for healthcare practitioners. © The Author(s) 2024.",
Awasthi A.K.; Sharma M.; Garo A.K.; Chaudhary P.,Presentation of futuristic Malarial Disease through a Hybrid Model of A.I. and Big data,2023,"Transmission of parasites of female Anopheles mosquito is a major cause for the fatal disease like Malaria and most common symptoms are high fever, headache, abdominal pain, muscle pain, vomiting, diarrhea, Anemia, etc.Healthcare is a field where Forecasting is most beneficial and helpful for the cure of diseases and it can be possible only by using models of Neural Networks, Regression, and LSTM for predicting that how many confirmed cases will occur, how many people will get recovered and among them how many get dead cause of any disease based on past and present data for forecasting the future trend of these cases. Even though forecasting can be done by traditional methods but traditional methods are time consuming. The machine learning techniques are fast and accurate then also for adding efficiency and accuracy to these methods and techniques, Artificial Intelligence takes place in the field of Data Sciences. Artificial Intelligence came into the picture 100 years ago and shows remarkable growth in every field in the past few years. There are a lot of models proposed for different types of diseases in the field of healthcare. The visible patterns of symptoms and cases related to the disease can help in the medical field to prevent and cure it. This work is going to deal with the applications of Artificial Intelligence in Data Sciences which is to make an early reliable prediction of Malarial disease using Neural Networks, Regression, and LSTM model. It Compares the trends of different models and comparative results will demonstrate that the machine learning techniques practiced to forecast the malarial disease along with visible patterns gives information related to the patient's data.  © 2023 IEEE.",1.0
Ahmad² M.,"Artificial intelligence and big data applications in chronic disease management: clinical outcomes, challenges, and future directions",2026,"Aim To synthesize applications of Artificial Intelligence (AI) and big data in chronic disease management, evaluate clinical and economic outcomes, challenges, and future directions. Methods A comprehensive search was conducted across PubMed, Scopus, Web of Science, IEEE Xplore, and CINAHL for studies published between 2015-2025, following the Preferred Reporting Items for Systematic Reviews and Meta-Analyses (PRISMA) 2020 guidelines. This review was registered in PROSPERO (CRD420251036828). Inclusion criteria encompassed peer-reviewed empirical, narrative, and systematic studies focusing on AI and big data in chronic disease care. Twelve studies were appraised using validated appraisal tools appropriate to each study design, which were conducted across clinical, technological and public health settings, reflecting application of AI and big data in hospital, digital health platform and disease management. Results AI models achieved predictive accuracies between 88-96% across diabetes, chronic kidney disease (CKD), chronic obstructive pulmonary disease (COPD), and cardiovascular conditions. Outcomes included a 25% reduction in readmissions, a 30% decrease in CKD progression, and a 25% improvement in treatment adherence. Technologies included machine learning, electronic health record integration, wearable devices, and multi-omics platforms. Major challenges identified were data fragmentation, bias, and regulatory gaps. Conclusion The Artificial intelligence and big data offer transformative potential for chronic disease management from early prediction to personalized treatment, but realizing this requires addressing data fragmentation, ethical and privacy concerns, and ensuring equity and accountability through transparent, explainable AI. © 2026, Medical Association of Zenica-Doboj Canton. All rights reserved.",
Lee S.; Reddy Mudireddy A.; Kumar Pasupula D.; Adhaduk M.; Barsotti E.J.; Sonka M.; Statz G.M.; Bullis T.; Johnston S.L.; Evans A.Z.; Olshansky B.; Gebska M.A.,Novel Machine Learning Approach to Predict and Personalize Length of Stay for Patients Admitted with Syncope from the Emergency Department,2023,"Background: Syncope, a common problem encountered in the emergency department (ED), has a multitude of causes ranging from benign to life-threatening. Hospitalization may be required, but the management can vary substantially depending on specific clinical characteristics. Models predicting admission and hospitalization length of stay (LoS) are lacking. The purpose of this study was to design an effective, exploratory model using machine learning (ML) technology to predict LoS for patients presenting with syncope. Methods: This was a retrospective analysis using over 4 million patients from the National Emergency Department Sample (NEDS) database presenting to the ED with syncope between 2016–2019. A multilayer perceptron neural network with one hidden layer was trained and validated on this data set. Results: Receiver Operator Characteristics (ROC) were determined for each of the five ANN models with varying cutoffs for LoS. A fair area under the curve (AUC of 0.78) to good (AUC of 0.88) prediction performance was achieved based on sequential analysis at different cutoff points, starting from the same day discharge and ending at the longest analyzed cutoff LoS ≤7 days versus >7 days, accordingly. The ML algorithm showed significant sensitivity and specificity in predicting short (≤48 h) versus long (>48 h) LoS, with an AUC of 0.81. Conclusions: Using variables available to triaging ED clinicians, ML shows promise in predicting hospital LoS with fair to good performance for patients presenting with syncope. © 2022 by the authors.",17.0
Venkatakrishnan K.; Jayachandran P.; Seo S.K.; van der Graaf P.H.; Wagner J.A.; Gupta N.,Moving the needle for oncology dose optimization: A call for action,2024,[No abstract available],
Saputra D.C.E.; Sunat K.; Ratnaningsih T.; Ma'arif A.; Suwarno I.,SmartForest: Optimizing anemia diagnosis with enhanced random forest and XGBoost integration,2025,"This study addresses the challenges in healthcare classification, focusing specifically on the diagnosis of anemia. It introduces SmartForest, a novel ensemble model that integrates Random Forest, XGBoost, and sea horse optimization techniques to enhance both accuracy and interpretability. By incorporating explainable artificial intelligence (AI) through SHAP analysis, the model aims to support transparency and trust in clinical decision-making, thereby contributing to improved patient outcomes. SmartForest leverages a soft voting mechanism to aggregate the probability estimates from both ensemble learners, ensuring balanced and interpretable predictions. The sea horse optimization algorithm is employed to determine the optimal number and depth of trees, facilitating robust performance across diverse medical datasets. Experimental results demonstrate that SmartForest outperforms traditional models across multiple evaluation metrics. On the anemia dataset, it achieves an accuracy of 0.9882, precision of 0.9809, recall of 0.9939, and F1-score of 0.9872. The model also exhibits strong discriminatory power with a ROC-AUC of 0.9982, and produces minimal prediction error, reflected by a low MSE of 0.0118 and RMSE of 0.0799. While the average prediction time is slightly higher at 0.2501 seconds, this is a reasonable trade-off given the model's superior performance. The objective of this work was to improve anemia diagnosis using machine learning models, with SmartForest demonstrating the most promising results. Future research directions include expanding the dataset to include more diverse patient populations, integrating the model into real-world clinical decision support systems, enhancing model explainability, and exploring its applicability to other medical conditions. Ethical considerations surrounding data privacy and clinical deployment should also be addressed in future studies. © 2025 The Author(s)",
Flohe S.,SHOCK SYNOPSIS JULY 2025,2025,[No abstract available],
Zhang X.,"A hybrid AI model integrating XGBoost, LSTM, and SHAP for predicting and interpreting childhood malnutrition trends",2025,"This research work introduces a hybrid AI model comprising XGBoost for static prediction, LSTM networks for temporal forecasting, and SHAP for interpretable explainability. One of the major public health issues is retention in childhood malnutrition, especially in preschool children, which greatly impacts their growth, cognitive development and health conditions later in life. The conventional methods, based on descriptive statistical analysis and basic machine learning approaches, mainly utilise static predictors to classify malnutrition cases. Such practices tend to overlook the changes over time and do not offer any explanation, leading to their limited applications in preventive measure interactions. The model not only considers the current nutritional status but also predicts future trends by identifying important demographic and dietary components that underlie the predictions. The AI framework suggested produced 98.86% accuracy, AUC = 0.991, and RMSE = 0.082 when validated on CHNS data, which was significantly greater than the performance of Logistic Model Trees (91–95%) and Random Forests (94–98.6%), resulting in up to a 4.1% improvement. It thus confirmed the model's outstanding predictive capability. In contrast to previous works that were merely concerned with malnutrition type or anaemia classification, the present approach guarantees both accuracy and usability by integrating temporal prediction with Explainable AI. Consequently, the integration of predictive modelling with practical policy implications enables the early identification of children at risk and the implementation of targeted interventions, thereby providing a scalable and evidence-based contribution to childhood nutrition research. The combined model achieved an accuracy of 98.86%, an F1 score of 0.988, and an AUC of 0.991, which are extremely high values for predicting and highlighting the practicality of early detection and intervention in childhood malnutrition. © The Author(s) 2025",
"Németh Á.; Tóth G.; Fülöp P.; Paragh G.; Nádró B.; Karányi Z.; Paragh G., Jr; Horváth Z.; Csernák Z.; Pintér E.; Sándor D.; Bagyó G.; Édes I.; Kappelmayer J.; Harangi M.; Daróczy B.",Smart medical report: efficient detection of common and rare diseases on common blood tests,2024,"Introduction: The integration of AI into healthcare is widely anticipated to revolutionize medical diagnostics, enabling earlier, more accurate disease detection and personalized care. Methods: In this study, we developed and validated an AI-assisted diagnostic support tool using only routinely ordered and broadly available blood tests to predict the presence of major chronic and acute diseases as well as rare disorders. Results: Our model was tested on both retrospective and prospective datasets comprising over one million patients. We evaluated the diagnostic performance by (1) implementing ensemble learning (mean ROC-AUC.9293 and mean DOR 63.96); (2) assessing the model's sensitivity via risk scores to simulate its screening effectiveness; (3) analyzing the potential for early disease detection (30–270 days before clinical diagnosis) through creating historical patient timelines and (4) conducting validation on real-world clinical data in collaboration with Synlab Hungary, to assess the tool's performance in clinical setting. Discussion: Uniquely, our model not only considers stable blood values but also tracks changes from baseline across 15 years of patient history. Our AI-driven automated diagnostic tool can significantly enhance clinical practice by recognizing patterns in common and rare diseases, including malignancies. The models' ability to detect diseases 1–9 months earlier than traditional clinical diagnosis could contribute to reduced healthcare costs and improved patient outcomes. The automated evaluation also reduces evaluation time of healthcare providers, which accelerates diagnostic processes. By utilizing only routine blood tests and ensemble methods, the tool demonstrates high efficacy across independent laboratories and hospitals, making it an exceptionally valuable screening resource for primary care physicians. 2024 Németh, Tóth, Fülöp, Paragh, Nádró, Karányi, Paragh, Horváth, Csernák, Pintér, Sándor, Bagyó, Édes, Kappelmayer, Harangi and Daróczy.",
Abukhadijah H.J.; Nashwan A.J.,Would Artificial Intelligence Improve the Quality of Care of Patients With Rare Diseases?,2024,[No abstract available],
Cárdenas-Isla H.; Márquez B.Y.; Robles-Gallego A.; Magdaleno-Palencia J.S.,Human-Machine Interface Based on Electromyographic (EMG) Signals Aimed at Limb Rehabilitation for Diabetic Patients,2024,"Diabetes is a condition derived from high blood sugar levels for a prolonged period. Which triggers several complications such as anemia, blindness, erectile dysfunction, cardiovascular problems, high blood pressure, poor circulation, and a high probability of gangrene when there is a skin cut on an extremity where the most viable solution to risks is go septicemia or blood poisoning by pathogens generated by dead tissue is amputation of the limb. For such patients, where the limb amputation has already been carried out, tailored solutions are generated with the corresponding rehabilitation by learning to use this new tool to give them independence and inclusivity in their daily lives. Now, technology such as electromyographic sensors is required to read the electrical pulses generated by the muscles and then with artificial intelligence learn to interpret the electrical signals from the muscles of the patient's amputated limb. The main objective of this literature is to relate and obtain a prediction of the diabetes risk index of the general population, based on the incidence data of diabetic disease obtained by delegation in the United States, Mexico. -us through public health institutions. For the above, the prediction will be carried out by a multilayer perceptron neural network and an exploration of human-robot interface (HRI) solutions supported by electromyographic sensors will be carried out. © The Author(s), under exclusive license to Springer Nature Switzerland AG 2024.",
Garg A.; Valera M.Á.; Meseguer M.,EVALUATION OF EMBRYO QUALITY: Time-Lapse Imaging to Assess Embryo Morphokinesis,2023,"In vitro fertilization (IVF) programs are coming closer every day to the goal of reducing multiple pregnancies while maintaining good clinical results. The transfer of a single embryo progressively became a reality specifically in developed countries, and this is the result of major improvements in different areas. From a clinical point of view, two major achievements are worth mentioning: first, physicians have learned to handle the stimulation drugs that are purer, more powerful, and more comfortable for the patient; and, second, an increased knowledge of the pathophysiology of ovarian hyperstimulation syndrome has made the frequency of this syndrome almost anecdotal. On the other hand, concerns about the “epidemic” of multiple gestations have raised awareness of the risks not only to the mother (gestational diabetes, hypertension, and anaemia) but also to the babies-extreme prematurity, low birth weight, children with neurological damage, and so on-not to mention the psychological burden and suffering of the parents and the tremendous health costs that it entails. From the laboratory point of view, several achievements are worth mentioning as well: studies on embryo metabolism have led to the formulation of suitable culture media. In the early 1990s, the introduction of intracytoplasmic sperm injection (ICSI) revolutionized the treatment of male infertility and genetic screening became the gold standard for the selection of aneuploid embryos. Vitrification came along, and preservation of fertility was no longer a utopia for modern women; the wave of the “omics” initiated an era of non-invasiveness for studying human embryos in the laboratory, and most recently in the last decade, the introduction of imaging systems, artificial intelligence (AI), and machine learning allowed us to assess embryos in a different way: through their morphokinetics and analysis of images and video captured during the early embryonic development. © 2024 selection and editorial matter, David K. Gardner, Ariel Weissman, Colin M. Howles, and Zeev Shoham; individual chapters, the contributors.",3.0
Clement David-Olawade A.; Ogunbona M.A.; Olawuyi O.F.; Makanjuola B.D.; Alabi J.O.; Olawade D.B.,"Artificial intelligence and machine learning applications in dialysis: Current applications, challenges, and future directions",2026,"Artificial intelligence (AI) and machine learning (ML) applications have emerged as transformative technologies in nephrology, particularly in dialysis care. The availability of multimodal datasets including electronic health records, hemodialysis machine data, laboratory values, and imaging has enabled the development of sophisticated prognostic, diagnostic, and treatment support tools. This comprehensive review narratively examines current AI/ML applications in dialysis, evaluates their clinical performance, and identifies future research directions. We conducted a comprehensive literature search of PubMed, Web of Science, and other major databases from 2020 to 2025, focusing on peer-reviewed studies that employed AI/ML techniques in dialysis care. Studies were categorised by application domain and analysed for methodology, performance metrics, and clinical implications. Our analysis identified five major application domains: (1) prediction and prognosis, including intradialytic hypotension (IDH) prediction with AUROC values ranging 0.89–0.95, mortality prediction achieving C-indices up to 0.83, and hospitalisation risk assessment; (2) early detection of chronic kidney disease (CKD) progression and dialysis risk; (3) clinical decision support for anaemia management and treatment optimisation; (4) vascular access monitoring with AI-driven image analysis achieving AUROC ≈ 0.96; and (5) natural language processing (NLP) applications for symptom detection. Federated learning (FL) approaches are emerging to enable multi-centre collaboration while preserving data privacy. AI/ML technologies demonstrate significant promise in enhancing dialysis care through improved prediction accuracy, personalised treatment approaches, and clinical decision support. However, widespread clinical adoption remains limited due to challenges including data privacy concerns, model interpretability issues, regulatory complexity, and the need for diverse, representative datasets. © 2026 The Author(s).",
Cheungpasitporn W.; Athavale A.; Ghazi L.; Kashani K.B.; Colicchio T.; Koyner J.L.; Chen J.; Ix J.H.; Nadkarni G.; Neyra J.A.,Transforming nephrology through artificial intelligence: A state-of-the-art roadmap for clinical integration,2026,"Artificial intelligence (AI), encompassing machine learning, deep learning and generative AI, is poised to redefine nephrology by enabling earlier detection, more precise risk stratification and workflow-integrated clinical decision support across the spectrum of kidney disease. This state-of-the-art review synthesizes emerging applications of AI in acute kidney injury (AKI), chronic kidney disease (CKD), dialysis and kidney transplantation, with attention to clinical integration, real-world validation, workflow implementation and translational challenges. In AKI, predictive models trained on high-frequency electronic health record data and intensive care unit telemetry have demonstrated strong performance in forecasting critical events, yet translation into routine clinical workflows remains limited. In CKD, machine learning tools support progression risk stratification and phenotype clustering, with the potential to inform individualized surveillance and therapy. AI-enabled dialysis management systems optimize ultrafiltration, anemia control and vascular access surveillance, while generative AI and large language models offer novel capabilities for clinical documentation, triage and patient education. In transplantation, AI applications span organ allocation, dynamic graft monitoring and digital pathology-assisted rejection classification, with validated tools such as the iBox system gaining regulatory recognition. Implementation challenges include data heterogeneity, bias, interpretability, regulatory uncertainty and workflow integration. Looking ahead, multimodal integration of imaging, pathology and multi-omics data may support biologically informed precision nephrology. Reinforcement learning, digital twins and ambient intelligence are emerging as adaptive decision-support paradigms rather than autonomous care systems. Regulatory frameworks are evolving to accommodate adaptive algorithms, underscoring the need for clinician engagement in model development, validation and deployment. As AI matures from pilot to practice, nephrologists who embrace and help shape these tools will lead the transition toward a more personalized, efficient and equitable future for kidney care.  © 2026 The Author(s). Published by Oxford University Press on behalf of the ERA.",
Rangraze I.R.; El-Tanani M.; Wali A.F.; Babiker R.; Rabbani S.A.; Matalka I.I.; Satyam S.M.; Avagimyan A.; Hoffmann K.; Ilias I.; Ispas S.; Viviana M.; Paczkowska A.; Rizzo M.,"Type 5 diabetes mellitus: redefining pancreatogenic diabetes through molecular, imaging, and AI-driven evidence",2026,"Background: Type 5 Diabetes Mellitus (T5DM), denoting pancreatogenic diabetes from fibro-inflammatory pancreatic injury, is a distinct yet under-recognised entity. Current WHO and ADA classifications overlook its complex, concurrent endocrine–exocrine failures, contributing to misdiagnosis, treatment gaps, and suboptimal outcomes. Objectives: This review aims to critically analyze current scientific understanding of the pathogenesis, diagnostic criteria, metabolic consequences, and therapeutic needs of T5DM and suggest a precise framework of medicine that justifies the need for T5DM to be formally recognized as a sub-type of diabetes. Methods: An integrative review was conducted using recent literature on pancreatic pathophysiology, molecular biomarkers, radiomics, diagnostic imaging, glycemic control technologies, and machine learning. The focus was on the recent literature to elucidate the biological, diagnostic, and treatment aspects of the clinical studies, guidelines, and mechanistic research available from the publications. Key findings: T5DM involves loss of insulin and glucagon alongside exocrine pancreatic insufficiency, malnutrition, and significant glycaemic variability. A tiered diagnostic framework—integrating pancreatic imaging, endocrine–exocrine testing, autoimmune exclusion, and emerging biomarkers—enhances accuracy. Management requires coordinated hormonal and enzyme replacement, structured nutritional support, and targeted surveillance for malignancy and micronutrient deficits. Radiomics, quantitative imaging, and AI-driven analytics offer valuable tools for earlier detection, improved risk stratification, and personalised therapy. Conclusion: T5DM warrants recognition as a distinct diabetes entity owing to its unique pathophysiology, clinical behaviour, and therapeutic needs. Harmonised diagnostic criteria, validated biomarker and imaging pathways, and multicentre registries are essential to integrate T5DM into global classification systems and advance mechanism-based, personalised care. Copyright © 2026 Rangraze, El-Tanani, Wali, Babiker, Rabbani, Matalka, Satyam, Avagimyan, Hoffmann, Ilias, Ispas, Viviana, Paczkowska and Rizzo.",
Mortazavi S.A.R.; Mortazavi S.M.J.; Parsaei H.,COVID-19 Pandemic: How to Use Artificial Intelligence to Choose Non-Vulnerable Workers for Positions with the Highest Possible Levels of Exposure to the Novel Coronavirus,2020,"The COVID-19 pandemic has affected people globally; nowadays several countries are facing a major change in daily life due to universal quarantining, closed schools, social isolation, and shelter-in-place orders. In addition, this pandemic caused an economic crisis. International Labour Organization (ILO) reported that not only COVID-19 is a serious threat to public health but also the economic and social disruption of this crisis threatens the long-term livelihoods and wellbeing of millions of people. In this short paper, we introduce our hypothesis on using artificial intelligence (AI) technology to predict which employees are most vulnerable to the infections caused by the novel coronavirus (SARS-CoV-2). Such a system can be used in a wide variety of work places such as libraries, banks, drugstores, and hotel receptions to reduce the risk of severe infections in employees as well as to ensure the safety of labor force and the sustainability of businesses and jobs. © 2020, Shiraz University of Medical Sciences. All rights reserved.",9.0
Roy S.K.; Gupta S.; Jain P.,Machine Learning-Based Disease Severity Prediction in Sickle Cell Patients: Spectroscopic Insights,2024,"Sickle cell disease (SCD) presents a significant health challenge with diverse clinical manifestations. Early and accurate prediction of the onset and severity of co-morbidities in SCD is vital for improving outcomes. In this study, we employ advanced healthcare informatics, and machine learning techniques to analyze longitudinal blood pathology data. By focusing on crucial hematological parameters, we gain valuable insights into SCD’s pathophysiology. Additionally, incorporating spectroscopic insights into the study unveils molecular details, enriching the understanding of the disease’s complexity and paving the way for more nuanced and targeted interventions. Utilizing this data, we construct predictive models enabling personalized interventions and advancing precision healthcare management. The research revealed that Random Forest outperforms other algorithms, achieving an accuracy of 88%, recall of 82%, and specificity of 92%. This robust evaluation underscores the model’s reliability in predicting both positive and negative instances. These findings offer a promising pathway for enhancing disease prediction, management, and treatment planning, providing invaluable guidance for clinical practice in the context of sickle cell disease. © 2024, Science and Technology Publications, Lda. All rights reserved.",
Chan J.; Raju S.C.; Topol E.,Towards a tricorder for diagnosing paediatric conditions,2019,[No abstract available],7.0
Yadav S.; Ganesh S.; Das D.; Venkanna U.; Mahapatra R.; Shrivastava A.K.; Chakrabarti P.; Talukder A.K.,Suśruta: Artificial intelligence and bayesian knowledge network in health care – smartphone apps for diagnosis and differentiation of anemias with higher accuracy at resource constrained point-of-care settings,2019,"Anemia in India carries a major disease burden. This includes both nutritional anemias, of which iron deficiency anemia (IDA) is the commonest and inherited hemolytic anemias like β thalassemias (β-TT). In Eastern and North-Eastern India about 25–40% of the public blood bank blood is consumed by patients with β Thalassemia. Moreover, 51% of Indian women in the reproductive age suffer from IDA. Most vulnerable group of anemic patients is in the rural underserved regions. This underserved population can only be served through the use of artificial intelligence (AI), automation, supported by telemedicine. To combat the problems of both IDA and β-thalassemia by early diagnosis at the point-of-care– we have developed Suśruta - an Artificial Intelligence (AI) driven robust smartphone-based health care application. This App uses five major components of AI; namely: (1) Natural language processing (NLP) to analyze the unstructured clinical data and translate it into computer understandable 3rd Generation SNOMED and ICD10 ontologies; (2) Speech Synthesis; (3) Artificial Neural Network (ANN) with Machine Learning and Deep Learning (ML/DL) on 60,283 labelled common blood counts (CBC) and High Performance Liquid Chromatography (HPLC) data collected over 8 years by a teaching hospital in Kolkata for β-TT screening; (4) Computer Vision and Image Processing techniques to interpret hemoglobin content in blood through non-invasive analysis of conjunctiva and nailbed images; and (5) NoSQL and Big-data Graph database-driven Bayesian Knowledge Network for Evidence Based Medicine and Bayesian Outcome Tracing for Predictive Medicine. Unlike previous systems, the ML/DL technique of β-Thalassemia carrier screening with CBC improved the accuracy of screening by two folds compared similar approaches analyzing CBC with Mentzer Index. Moreover, the uniqueness of Suśruta is that the App is robust and works both in an offline and online mode at resource constrained point-of-care. This is the first time AI is used for comprehensive anemia care by early diagnosis, which empowers the ordinary health workers in rural underserved communities. Furthermore, it will introduce the concept of patient empowerment and person centered care by changing the definition of point-of-care in rural India. © Springer Nature Switzerland AG 2019.",5.0
Sankar D.; Oviya I.R.,Multidisciplinary approaches to study anaemia with special mention on aplastic anaemia (Review),2024,"Anaemia is a common health problem worldwide that disproportionately affects vulnerable groups, such as children and expectant mothers. It has a variety of underlying causes, some of which are genetic. A comprehensive strategy combining physical examination, laboratory testing (for example, a complete blood count), and molecular tools for accurate identification is required for diagnosis. With nearly 400 varieties of anaemia, accurate diagnosis remains a chal‑ lenging task. Red blood cell abnormalities are largely caused by genetic factors, which means that a thorough understanding requires interpretation at the molecular level. As a result, precision medicine has become a key paradigm, utilising artificial intelligence (AI) techniques, such as deep learning and machine learning, to improve prognostic evaluation, treatment prediction, and diagnostic accuracy. Furthermore, exploring the immunomodulatory role of vitamin D along with biomarker‑based molecular techniques offers promising avenues for insight into anaemia's pathophysiology. The intri‑ cacy of aplastic anaemia makes it particularly noteworthy as a topic deserving of concentrated molecular research. Given the complexity of anaemia, an integrated strategy integrating clinical, laboratory, molecular, and AI techniques shows a great deal of promise. Such an approach holds promise for enhancing global anaemia management options in addition to advancing our understanding of the illness. © 2024 Sankar and Oviya.",
Mwangi P.; Kotva S.; Awe O.O.,Explainable AI Models for Improved Disease Prediction,2025,"This study integrates ensemble machine learning models and explainable artificial intelligence (XAI) frameworks for disease classification, focusing on anemia and malaria. For anemia classification, data is sourced from the South African National Health and Nutrition Examination Survey (SANHANES-1), involving 493 individuals aged 15–17 years (264 females and 229 males). Five different ensemble methods were used, including random forest, AdaBoost, gradient boost, XGBoost, and CatBoost. This study dealt with class imbalance by oversampling technique, therefore improving the robustness of the predictions. From the ensemble models, CatBoost stood out as the best with ROC AUC score of 0.980, followed closely by random forest at 0.973, while gradient boost, XGBoost, and AdaBoost achieved scores of 0.963, 0.964, and 0.900, respectively. On the other hand, malaria classification that used secondary data from the Federal Polytechnic Ilaro Medical Centre, Ilaro, Ogun State, Nigeria, comprising information from 337 patients aged between 3 and 77 years (180 females and 157 males) over a 4-week period, was utilized. Ensemble methods, including random forest, AdaBoost, gradient boost, XGBoost, and CatBoost, were employed, addressing class imbalance through oversampling technique. From the ensemble models, random forest stood out as the best with an ROC AUC score of 0.840, followed closely by CatBoost with an ROC AUC score of 0.795. XGBoost, gradient boost, and AdaBoost achieved ROC AUC scores of 0.790, 0.747, and 0.651, respectively. Explainable AI techniques such as LIME and permutation feature importance were utilized to enhance transparency and interpretability in both studies, evaluating how important different characteristics might influence the probability of getting the disease. These methodologies reveal which characteristics are essential for making predictions, hence promoting transparency and comprehension of how models make decisions. This information is necessary for healthcare providers because it may lead to better treatment options and improved patient outcomes, particularly concerning anemia and malaria management. © The Author(s), under exclusive license to Springer Nature Switzerland AG 2025.",
Uçucu S.; Azik F.,ARTIFICIAL INTELLIGENCE-DRIVEN DIAGNOSIS OF β-THALASSEMIA MINOR & IRON DEFICIENCY ANEMIA USING MACHINE LEARNING MODELS; [VEŠTAĈKA NEURALNA MREŽA ZA PREPOZNAVANJE β-TALASEMIJE MINOR I ANEMIJE UZROKOVANE NEDOSTATKOM GVOŽĐA: MODELI VEŠTAĈKE INTELIGENCIJE],2024,"Background: Iron deficiency anemia (IDA) and β-thalassemia minor (BTM) are the two most common causes of microcytic anemia, and although these conditions do not share many symptoms, differential diagnosis by blood tests is a time-consuming and expensive process. CBC can be used to diagnose anemia, but without advanced techniques, it cannot differentiate between iron deficiency anemia and BTM. This makes the differential diagnosis of IDA and BTM costly, as it requires advanced techniques to differentiate between the two conditions. This study aims to develop a model to differentiate IDA from BTM using an automated machine-learning method using only CBC data. Methods: This retrospective study included 396 individuals, consisting of 216 IDAs and 180 BTMs. The work was divided into three parts. The first section focused on the individual effects of hematological parameters on the differentiation of IDA and BTM. The second part discusses traditional methods and discriminant indices used in diagnosis. In the third section, models developed using artificial neural networks (ANN) and decision trees are analysed and compared with the methods used in the first two sections. Results: The study’s conclusions are presented in three parts. The first part of the results suggests that MCV and RBC are the most effective predictors of discrimination between the two conditions. The second part of the results suggests that the effects of discriminant indices on the differentiation of BTM and IDA were similar. However, using G & K and RDWI instead of other discriminant indices for BTM and IDA greatly increases differentiation. The third section of the results reveals that machine learning models such as ANN are more powerful than traditional discriminant indices. Conclusion: This study recommends an artificial neural network-based system to differentiate the two states. In conclusion, our results show that the ANN method performs better than the existing methods. Although other approaches have been effective, artificial intelligence can better predict the presence of various hemoglobin variants than traditional statistical approaches. This differentiation is important because it can have important medical implications on patient care, family planning, and genetic counselling related to health. The neural network model can also save time, cost less, and make diagnosis easier. © 2024 Society of Medical Biochemists of Serbia. All rights reserved.",
Das B.; Barman M.P.; Kotoky M.J.,Optimizing predictive analytics for childhood anaemia: A machine learning model approach,2026,"Problem consideredAnaemia remains a prevalent public health concern, particularly among children under five, with multifactorial causes including nutritional deficiencies, maternal health, and socioeconomic status. This study aims to enhance the prediction and understanding of childhood anaemia of Assam, India using machine learning (ML) techniques.MethodsUsing data from the National Family Health Survey-5 (NFHS-5) in Assam, India, a total of 8411 children were analyzed. Ten key predictors were identified using the Boruta algorithm and chi-square tests. Due to class imbalance, the dataset was balanced using Synthetic Minority Over-sampling Technique for Nominal and Continuous (SMOTE-NC). Four supervised ML models Logistic Regression, Random Forest, K-Nearest Neighbors (KNN), and Gradient Boosting were trained and evaluated using k-fold cross-validation.ResultGradient Boosting outperformed other models, achieving an accuracy of 77.2 %, precision of 79.2 %, recall of 77.2 %, F1-score of 76.7 %, and AUC value of 0.83 after balancing. Model interpretability was achieved by using an explainable AI tool i.e. SHAP (SHapley Additive exPlanations), which revealed that environmental, socio-economic and maternal factors such as roof and floor material, child's age, mother's anaemia level, and place of de-livery (Home/Public sector) significantly influenced anaemia risk.ConclusionThe study demonstrates the effectiveness of ML in not only predicting anaemia with high accuracy but also uncovering actionable risk factors for public health interventions. It highlights the need for data-driven approaches in addressing childhood anaemia, especially in low-resource settings. © 2025 The Authors. Published by Elsevier B.V. on behalf of INDIACLEN. This is an open access article under the CC BY license. http://creativecommons.org/licenses/by/4.0/",
Yagmur N.; Dag I.; Temurtas H.,A new computer-aided diagnostic method for classifying anaemia disease: Hybrid use of Tree Bagger and metaheuristics,2024,"Anaemia occurs when the haemoglobin (Hgb) value falls below a certain reference range. It requires many blood tests, radiological images, and tests for diagnosis and treatment. By processing medical data from patients with artificial intelligence and machine learning methods, disease predictions can be made for newly ill individuals and decision-support mechanisms can be created for physicians with these predictions. Thanks to these methods, which are very important in reducing the margin of error in the diagnoses made by doctors, the evaluation of data records in health institutions is also important for patients and hospitals. In this study, six hybrid models are proposed to classify non-anaemia records, Hgb-anaemia, folate deficiency anaemia (FDA), iron deficiency anaemia (IDA), and B12 deficiency anaemia by combining artificial intelligence and machine learning methods TreeBagger, Crow Search Algorithm (CSA), Chicken Swarm Optimization Algorithm (CSO) and JAYA methods. The proposed hybrid models are analysed with two different approaches, with/without applying the SMOTE technique to achieve high performance by better emphasizing the importance of parameters. To solve the multiclass anaemia classification problem, fuzzy logic-based parameter optimization is applied to improve the class-based accuracy as well as the overall accuracy in the dataset. The proposed methods are evaluated using ROC criteria to build a prediction model to determine the anaemia type of anaemic patients. As a result of the study on the dataset taken from the Kaggle database, it is observed that the six proposed hybrid methods outperformed other studies using the same dataset and similar studies in the literature. © 2023 The Authors. Expert Systems published by John Wiley & Sons Ltd.",
Das Mahapatra P.P.; Roy C.; Agarwal K.; Sharma S.D.; Chowdhury S.R.; Sharma S.; Rajagopal H.; Meher D.,Non-invasive hemoglobin screening device: a promising digital method for reducing anemia prevalence through routine screening and timely intervention,2024,"Background: Several non-invasive technologies are nowadays available in the market which claim to determine the hemoglobin levels instantly without the requirement of the blood sample. But no study has shown the significance of such non-invasive devices on a routine basis for determining their impact on anemia reduction programs. This study is conducted to determine the impact of regular hemoglobin screening on the women population to determine its potential in reducing anemia, using a digitalized non-invasive device. Method: A cross-sectional study was conducted on 203 women of reproductive age group, residing in the Moradabad district. Repetitive readings were taken after a time interval of a minimum of 1 month for determining the impact of regular screening. The entire data collection process was carried out using the EzeCheck mobile app. Results: It was observed that the prevalence of anemia was reduced upon the second time screening and was accepted by the women population. Repetitive testing has a significant impact on reducing anemia prevalence. Also, the simplified non-invasive technology for estimating the hemoglobin values, makes the user more comfortable to take the test. Conclusion: Non-invasive devices should be used regularly to keep track of hemoglobin levels which will help in the effective treatment of anemia. The mobile app-based testing could help to easily evaluate the reports of the patients from any remote location with instant result interpretation and health assistance. © 2024 The Author(s). Published by Informa UK Limited, trading as Taylor & Francis Group.",
Patel J.; Muralikrishna H.; Chadaga K.; Thalengala A.; Sampathila N.,Sickle cell disease detection in low-resource conditions using transfer-learning and contrastive-learning coupled with XAI,2026,"Sickle cell disease (SCD) is a severe hereditary blood disorder that affects millions worldwide, necessitating early and accurate detection to improve patient outcomes. State-of-the-art approaches for automatic detection of SCD use deep learning (DL) based models, which require a large amount of training data for efficient training. However, such large training datasets are often not available, significantly limiting the efficiency of DL-based models. In this paper, we propose different approaches to address this issue. Firstly, we propose to use a transfer-learning based approach, where we use pre-trained models like ResNet-50, DenseNet-121, and EfficientNet-B0 and fine-tune them for SCD detection. To further enhance the efficiency of the models, we then propose to include contrastive-learning-based approach using triplet loss. We also use focal loss to handle class imbalance. Additionally, we integrate Explainable Artificial Intelligence (XAI) methodologies to interpret and explain the model’s predictions, ensuring transparency and trustworthiness in clinical settings. Experiments on a publicly available SCD image dataset show that models trained with transfer learning and triplet loss outperform those trained with binary cross-entropy or focal loss. © The Author(s) 2026.",
Saputra D.C.E.; Muryadi E.I.; Futri I.; Win T.A.; Sunat K.; Ratnaningsih T.,Revolutionizing Anemia Classification with Multilayer Extremely Randomized Tree Learning Machine for Unprecedented Accuracy,2024,"Anemia is a prevalent global health issue that is characterized by a deficit in red blood cells or low levels of hemoglobin. This condition is influenced by various causes, including nutritional inadequacies, chronic diseases, and genetic predisposition. The incidence of the phenomenon exhibits variation across different geographical regions and demographic groups. This pioneering research investigates the identification and classification of anemia, potentially leading to transformative advancements in the discipline. The classification of anemia encompasses four distinct groups, namely Beta Thalassemia Trait, Iron Deficiency Anemia, Hemoglobin E, and Combination. This comprehensive categorization offers clinicians a more refined and detailed comprehension of the condition. The integration of deep learning and machine learning in the Multilayer Extremely Randomized Tree Learning Machine (MERTLM) model represents a departure from traditional approaches and a significant advancement in the field of medical categorization accuracy. The MERTLM approach integrates randomized tree with multilayer extreme learning machine (M-ELM) representation learning, hence emphasizing the possibility of interdisciplinary collaboration in the field of diagnostics. In addition to its impact on anemia, artificial intelligence (AI) is playing a significant role in revolutionizing medical diagnosis by emphasizing the integration of innovative methods. This study utilizes the combined capabilities of machine learning and deep learning to improve accuracy. Notably, recent developments have resulted in an exceptional accuracy rate of 99.67%, precision of 99.60%, sensitivity of 99.47%, and an amazing F1-Score of 99.53%. This study represents a significant advancement in the field of anemia research, providing valuable insights that may be applied to intricate medical issues and enhancing the quality of patient care. © 2024, Association for Scientific Computing Electronics and Engineering (ASCEE). All rights reserved.",
Rusch J.A.; van der Westhuizen D.J.; Gill R.S.; Louw V.J.,Diagnosing iron deficiency: Controversies and novel metrics,2023,"Iron deficiency, a pervasive global health issue, necessitates precise and reliable diagnostic methods, especially in clinical and surgical settings. This review examines an array of established markers of iron status, encapsulating parameters such as serum iron, ferritin, transferrin, and transferrin saturation alongside novel biomarkers like soluble transferrin receptor, zinc protoporphyrin, and hepcidin. We further scrutinise the potential and limitations of routine and novel diagnostic tools and strategies in distinguishing different anaemic conditions, such as iron deficiency anaemia, iron-restricted erythropoiesis, and anaemia of inflammation. Through a critical lens, we elucidate the current paradigms and pressing questions surrounding the diagnostic criteria and clinical ramifications of iron metabolism. By weaving together the nuances and diverging perspectives within the domain of iron deficiency diagnosis and management, this review aspires to foster a clearer understanding that can steer improved patient care and shape the trajectory of future research in this vital field. © 2023 The Author",
Jaiswal M.; Srivastava A.; Siddiqui T.J.,Machine learning algorithms for anemia disease prediction,2019,"The remarkable advances in health industry have led to a significant production of data in everyday life. These data require processing to extract useful information, which can be useful for analysis, prediction, recommendations, and decision making. Data mining and machine learning techniques are used to transform the available data into valuable information. In medical science, disease prediction at the right time is the central problem for professionals for prevention and effective treatment plan. Sometimes, in the absence of accuracy this may lead to death. In this study, we investigate supervised machine learning algorithms—Naive Bayes, random forest, and decision tree algorithm—for prediction of anemia using CBC (complete blood count) data collected from pathology centers. The results show that Naive Bayes technique outperforms in terms of accuracy as compared to C4.5 and random forest. © Springer Nature Singapore Pte Ltd. 2019.",54.0
Wekalao J.; Mandela N.; Apochi O.; Lefu C.; Topisia T.,Nanoengineered Graphene Metasurface Surface Plasmon Resonance Sensor for Precise Hemoglobin Detection with AI-Assisted Performance Prediction,2025,"The development of highly sensitive and reliable biosensors for hemoglobin detection is crucial for various medical and diagnostic applications. Hemoglobin, a vital protein in red blood cells responsible for oxygen transport, serves as an important biomarker for numerous health conditions. Accurate and rapid measurement of hemoglobin levels can aid in the early detection and monitoring of anemia, blood disorders, and other medical conditions. This study presents a biosensor design for hemoglobin detection, integrating a graphene-based metasurface with circular and square ring resonators constructed from silver and gold nanostructures. The proposed sensor leverages the unique plasmonic properties of plasmonic nanostructures and the remarkable optical characteristics of graphene to enhance its performance. Extensive parametric analysis and optimization are conducted to enhance detection accuracy among other performance parameters. Detection analysis demonstrated the sensor’s ability to resolve changes in hemoglobin concentration through distinct shifts in transmittance and reflectance spectra. The resulting sensor exhibits enhanced sensitivity of 3500nmRIU−1 to infrared energy, maximum FOM of 17.6, and detection limits of 0.05 among other performance parameters. Furthermore, machine learning optimization using 1D convolutional neural network regression is employed to predict the sensor’s behavior achieving high accuracy with maximum R2 scores ranging up to 1. The sensor design exhibits remarkable potential for applications requiring highly sensitive and precise hemoglobin monitoring in medical diagnostics and healthcare. © The Author(s), under exclusive licence to Springer Science+Business Media, LLC, part of Springer Nature 2024.",
Haghshenas Z.; Shokri Garjan H.; Moghassem A.; Vahedi P.; Tabatabavakili Y.; Hosseinzadeh D.; Asgari G.; Nazari E.; Aldaghi T.,The Role of Artificial Intelligence in Shaping the Future of Hematological Diagnosis and Treatment,2025,"Hematological disorders continue to pose significant challenges in clinical practice due to their complexity and potential for severe outcomes. This review provides a comprehensive overview of the role of Artificial Intelligence (AI) in enhancing the diagnosis and treatment of these conditions. Drawing on 177 studies published between 2012 and 2025 from PubMed and Google Scholar, the review examines fundamental concepts of AI and machine learning, their applications in diagnostic and therapeutic processes, and the challenges and limitations associated with their clinical implementation. The findings highlight the potential of AI to improve diagnostic accuracy, optimize treatment strategies, and support decision-making in hematology. By synthesizing current knowledge, this study underscores the importance of integrating AI into research and clinical practice and offers insights into future directions for advancing patient care in hematological disorders. © 2025, Iranian Pediatric Hematology and Oncology Society. All rights reserved.",
Pilleron S.; O'Hanlon S.,Digital twins for geriatric oncology: Double trouble or twice as nice?,2023,[No abstract available],3.0
Joffe E.; Havakuk O.; Herskovic J.R.; Patel V.L.; Bernstam E.V.,Collaborative knowledge acquisition for the design of context-aware alert systems,2012,"Objective To present a framework for combining implicit knowledge acquisition from multiple experts with machine learning and to evaluate this framework in the context of anemia alerts. Materials and Methods Five internal medicine residents reviewed 18 anemia alerts, while 'talking aloud'. They identified features that were reviewed by two or more physicians to determine appropriate alert level, etiology and treatment recommendation. Based on these features, data were extracted from 100 randomlyselected anemia cases for a training set and an additional 82 cases for a test set. Two staff internists assigned an alert level, etiology and treatment recommendation before and after reviewing the entire electronic medical record. The training set of 118 cases (100 plus 18) and the test set of 82 cases were explored using RIDOR and JRip algorithms. Results The feature set was sufficient to assess 93% of anemia cases (intraclass correlation for alert level before and after review of the records by internists 1 and 2 were 0.92 and 0.95, respectively). High-precision classifiers were constructed to identify low-level alerts (precision p=0.87, recall R=0.4), iron deficiency (p=1.0, R=0.73), and anemia associated with kidney disease (p=0.87, R=0.77). Discussion It was possible to identify low-level alerts and several conditions commonly associated with chronic anemia. This approach may reduce the number of clinically unimportant alerts. The study was limited to anemia alerts. Furthermore, clinicians were aware of the study hypotheses potentially biasing their evaluation. Conclusion Implicit knowledge acquisition, collaborative filtering and machine learning were combined automatically to induce clinically meaningful and precise decision rules.",3.0
Darshan B.S.D.; Sampathila N.; Bairy G.M.; Prabhu S.; Belurkar S.; Chadaga K.; Nandish S.,Differential diagnosis of iron deficiency anemia from aplastic anemia using machine learning and explainable Artificial Intelligence utilizing blood attributes,2025,"As per world health organization, Anemia is a most prevalent blood disorder all over the world. Reduced number of Red Blood Cells or decrease in the number of healthy red blood cells is considered as Anemia. This condition also leads to the decrease in the oxygen carrying capacity of the blood. The main goal of this research is to develop a dependable method for diagnosing Aplastic Anemia and Iron Deficiency Anemia by examining the blood test attributes. As of today, there are no studies which use Interpretable Artificial Intelligence to perform the above differential diagnosis. The dataset used in this study is collected from Kasturba Medical College, Manipal. The dataset consisted of various blood test attributes such as Red Blood cell count, Hemoglobin level, Mean Corpuscular Volume, etc. One of the trending topics in Machine Learning is Explainable Artificial Intelligence. They are known to demystify the machine learning outputs to all its stakeholders. Hence, Five XAI tools including SHAP, LIME, Eli5, Qlattice and Anchor are used to understand the model’s predictions. The importance characteristics according to XAI models are PLT, PCT, MCV, PDW, HGB, ABS LYMP, WBC, MCH, and MCHC. are employed to train and test the data. The goal of using data analytic techniques is to give medical professionals a useful tool that improves decision-making, enhances resource management, and eventually raises the standard of patient care. By considering the unique qualities of each patient, medical professionals who must rely on AI-assisted diagnosis and treatment suggestions, XAI offers arguments to strengthen their faith in the model outcomes. © The Author(s) 2024.",
B S D.D.; Sharma P.; Chadaga K.; Sampathila N.; Bairy G.M.; Belurkar S.; Prabhu S.; K S S.,An ensemble machine learning framework with explainable artificial intelligence for predicting haemoglobin anaemia considering haematological markers,2024,"Anaemia is a disorder marked by low blood levels of haemoglobin (HGB), affecting people of all ages and ethnicities and is a major global public health concern. Anaemia must be diagnosed as soon as possible to enable prompt treatment and intervention, which can reduce complications and enhance patient outcomes. With the ability to improve diagnostic precision and expedite patient care procedures, machine learning (ML) has become a potent instrument in the healthcare industry. Hence, we examine the use of ML approaches to predict haemoglobin-like anaemia in this research article. Based on a heterogeneous dataset of blood markars, we investigate the performance of many machine learning techniques such as Logistic Regression, CatBoost, XgBoost Decision Trees, KNN and others. The algorithms are further ensembled using a customized stacking approach. The ML models' judgments are interpreted using explainable artificial intelligence (XAI) methods. The xgboost and the stacking classifier obtained an accuracy, precision and recall of 99% each. Our research shows how ML models can help with the early diagnosis and treatment of anaemia, which will ultimately lead to better patient outcomes and healthcare results. Overall, the research shows how ML emphasizes the value of interdisciplinary cooperation in solving challenging medical problems. © 2024 The Author(s). Published by Informa UK Limited, trading as Taylor & Francis Group.",
Cai S.; Han I.C.; Scott A.W.,Artificial intelligence for improving sickle cell retinopathy diagnosis and management,2021,"Sickle cell retinopathy is often initially asymptomatic even in proliferative stages, but can progress to cause vision loss due to vitreous haemorrhages or tractional retinal detachments. Challenges with access and adherence to screening dilated fundus examinations, particularly in medically underserved areas where the burden of sickle cell disease is highest, highlight the need for novel approaches to screening for patients with vision-threatening sickle cell retinopathy. This article reviews the existing literature on and suggests future research directions for coupling artificial intelligence with multimodal retinal imaging to expand access to automated, accurate, imaging-based screening for sickle cell retinopathy. Given the variability in retinal specialist practice patterns with regards to monitoring and treatment of sickle cell retinopathy, we also discuss recent progress toward development of machine learning models that can quantitatively track disease progression over time. These artificial intelligence-based applications have great potential for informing evidence-based and resource-efficient clinical diagnosis and management of sickle cell retinopathy. © 2021, The Author(s), under exclusive licence to The Royal College of Ophthalmologists.",13.0
Larrey D.; Zhou F.L.; Brulle-Wohlhueter C.; Benamor M.; Chavin J.; Razaz N.; Bejuit R.; Dauriat J.; Reppelin T.; Péan R.; Ekhtiari S.; Wagner N.; Lublin F.,Identification of risk profiles for liver injury in adults with multiple sclerosis using artificial intelligence method,2025,"Background: Multiple sclerosis’ (MS) treatment evolution in the past three decades has raised concerns regarding liver injury (LI) associated with disease-modifying therapies. This study aims to identify high-risk profiles for LI among MS patients by using an artificial intelligence-based subgroup discovery algorithm. Methods: This retrospective cohort study utilized Optum Market Clarity electronic health record (EHR) data. Adult patients with first known MS diagnosis between January 1st, 2015, and December 31st, 2019 were included. LI event was defined either as meeting the international lab criteria or the presence of an acute LI diagnosis. Q-Finder, a supervised non-parametric subgroup discovery algorithm, was used to identify subgroups with increased LI risk. Results: The analysis involved 5986 MS patients, of whom 233 developed a LI. The Q-Finder identified 6 risk factors associated with elevated levels of liver enzymes and 11 clinical risk factors unrelated to liver enzymes summarized into 6 themes: substance abuse and mental health disorders, anaemia, anaemia and kidney, immune disorders, male patients and diabetes, and chronic obstructive pulmonary disease. Conclusion: The Q-Finder allowed the discovery of new risk factors that may help predict MS patients at higher risk of LI and provides insights to improve patient screening criteria for clinical trials. © 2025",
Asare J.W.; Appiahene P.; Donkoh E.T.,Detection of anaemia using medical images: A comparative study of machine learning algorithms – A systematic literature review,2023,"Background: Anaemia is a global public health challenge that affects children and pregnant women. Anaemia develops when the body's supply of red blood cells declines or when the structure of the cells is weakened. The clinical diagnosis of anaemia has several challenges in practice, including insufficient funding for medical tests, inadequate medical personnel and resources in remote areas, and client reluctance that results in abstinence. Several machine learning techniques for anaemia detection have been developed due to their affordability, simplicity of use, and non-invasive nature as compared to the invasive approach. Methods: We perform a systematic review and examine current trends and concepts of machine learning in healthcare services to identify viable approaches to detect anaemia. We compare the most successful machine learning algorithms currently in use regarding machine learning, evaluation metrics, image augmentation, and the origin and size of the dataset used. Results: The result of this study is a clear indication that non-invasive methods such as the use of machine learning algorithms to detect anaemia are affordable, and provides results on time. Conclusions: This systematic review provide scientific evidence, with the results describing how effective machine learning could make anaemia detection feasible. Machine and deep learning algorithms are introduced and used to make a wide-ranging analysis of images, diagnosis, and clinical analysis in the disciplines of medical fields such as anaemia detection. © 2023 The Authors",32.0
Banaei M.; Roozbeh N.; Darsareh F.; Mehrnoush V.; Farashah M.S.V.; Montazeri F.,Utilizing machine learning to predict the risk factors of episiotomy in parturient women,2025,"Background: Episiotomy has specific indications that, if properly followed, can effectively prevent women from experiencing severe lacerations that may result in significant complications like anal incontinence. However, the risk factors related to episiotomy has been the center of much debate in the medical field in the past few years. Objective: The present study used a machine learning model to predict the factors that put women at the risk of having episiotomy using intrapartum data. Study design: This was a retrospective cohort study design. Factors such as age, educational level, residency place, medical insurance, nationality, attendance at prenatal education courses, parity, gestational age, onset of labor, presence of a doula during labor, maternal health conditions like anemia, diabetes, preeclampsia, prolonged rupture of membrane, placenta abruption, presence of meconium in amniotic fluid, intrauterine growth retardation, intrauterine fetal death, maternal body mass index, and fetal distress were extracted from the electronic health record system of a tertiary-care medical center in Iran, from January 2022 to January 2023. The criteria for inclusion were vaginal delivery of a single pregnancy. Deliveries done through scheduled/emergency cesarean section or at the mother's request were excluded. The participants were divided into two groups: those who had vaginal deliveries with episiotomy and those who had vaginal deliveries without episiotomy. The significant variables, as determined by their P-values, were selected as features for the eight machine-learning models. The evaluation of performance included area under the curve (AUC), accuracy, precision, recall, and F1-Score. Results: During the study period, out of 1775 vaginal deliveries, 629 (35.4%) required an episiotomy. Each model had an AUC value assigned to it: linear regression (0.85), deep learning (0.82), support vector machine (0.79), light gradient-boosting (0.79), logistic regression (0.78), XGBoost classification (0.77), random forest classification (0.76), decision tree classification (0.75), and permutation classification—knn (0.70). Linear regression had a better diagnostic performance among all the models with the area under the ROC curve (AUC): 0.85, accuracy: 0.80, precision: 0.74, recall: 0.86, and F_1 score: 0.79). Parity, labor onset, gestational age, body mass index, and doula support were the leading clinical factors related to episiotomy, according to their importance rankings. Conclusions: Utilizing a clinical dataset and various machine learning models to assess the risk factors of episiotomy resulted in promising results. Further research, focusing on intrapartum clinical data and perspectives of the birth attendant, is necessary to enhance the accuracy of predictions. © 2024 The Authors",
Laharika N.; Khalaf H.H.; Abdulhasan M.M.; Kadhim W.D.; Naresh D.; Potulgude Y.; Akshitha B.,A Predictive Analytical Model for Sickle Cell Anemia using Hybrid SVM and Random Forest Algorithms,2024,"A genetic condition known as sickle cell anemia is typified by aberrant hemoglobin, which results in malformed red blood cells that can lead to several health issues. For sickle cell anemia to be effectively managed and treated, early detection and monitoring are essential. The ""Sickle Anemia Detector"" research uses clinical data and analysis techniques to create a machine learning-based tool that can identify and predict sickle cell anemia. Algorithms, like SVM, random forest and the research uses a Decision Tree Classifier to train a prediction model by utilizing a dataset that includes data on hemoglobin levels, sex, and pixel values that indicate blood cell properties. The research workflow consists of multiple important components. First, the data is loaded and goes through preprocessing steps like target assignment and feature extraction. To guarantee representative samples in each subset, the dataset is next split using a stratified split into training and testing sets. After that, the model is trained using the training set of data, fine-tuning its parameters to yield the best prediction accuracy. Training and testing data are used to evaluate the model's performance and gauge how well it generalizes. With the use of an intuitive stream-lit interface, users may interactively enter data and receive predictions for the existence of sickle cell anemia with this newly designed technology. To promote openness and confidence in the forecasts, users are shown the model's performance indicators, which include training and testing results. All things considered, the Sickle Anemia Detector research advances medical technology by providing a dependable and easily accessible method for the early diagnosis and tracking of sickle cell anemia, which may enhance patient outcomes by allowing prompt intervention and treatment. © 2024 IEEE.",
Bellinger C.; Amid A.; Japkowicz N.; Victor H.,Multi-label classification of anemia patients,2016,"This work examines the application of machine learning to an important area of medicine which aims to diagnose paediatric patients with β - thalassemia minor, iron deficiency anemia or the co-occurrence of these ailments. Iron deficiency anemia is a major cause of microcytic anemia and is considered an important task in global health. Whilst existing methods, based on linear equations, are proficient at distinguishing between the two classes of anemia, they fail to identify the co-occurrence of this issues. Machine learning algorithms, however, can induce non-linear decision boundaries that enable accurate classification within complex domains. Through a multi-label classification technique, known as problem transformations, we convert the learning task to one that is appropriate for machine learning and examine the effectiveness of machine learning algorithms on this domain. Our results show that machine learning classifiers produce good overall accuracy and are able to identify instances of the co-occurrence class unlike the existing methods. © 2015 IEEE.",19.0
Cosín-Sales J.; Anguita Sánchez M.; Suárez C.; Arias-Cabrales C.; Martínez-Sanchez L.; Arumi D.; Fernández de Cabo S.,Safety and Effectiveness of Oral Anticoagulants in Atrial Fibrillation: Real-World Insights Using Natural Language Processing and Machine Learning,2024,"Background/Objectives: We assessed the effectiveness and safety of vitamin K antagonists (VKAs) versus direct oral anticoagulants (DOACs) in patients with atrial fibrillation (AF) using artificial intelligence techniques. Methods: This is a retrospective study in 15 Spanish hospitals (2014–2020), including adult AF patients with no history of anticoagulation, thrombosis events, rheumatic mitral valvular heart disease, mitral valve stenosis, or pregnancy. We employed EHRead® technology based on natural language processing (NLP) and machine learning (ML), along with SNOMED-CT terminology, to extract clinical data from electronic health records (EHRs). Using propensity score matching (PSM), the effectiveness, safety, and hospital mortality of VKAs versus DOACs were analyzed through Kaplan–Meier curves and Cox regression. Results: Out of 138,773,332 EHRs from 4.6 million individuals evaluated, 44,292 patients were included, 79.6% on VKAs and 20.4% on DOACs. Most patients were elderly [VKA 78 (70, 84) and DOAC 75 (66, 83) years], with numerous comorbidities (75.5% and 70.2% hypertension, 47.2% and 39.9% diabetes, and 40.3% and 34.8% heart failure, respectively). Additionally, 60.4% of VKA and 48.7% of DOAC users had a CHA2DS2-VASc Score ≥4. After PSM, 8929 patients per subgroup were selected. DOAC users showed a lower risk of thrombotic events [HR 0.81 (95% CI 0.70–0.94)], minor bleeding [HR 0.89 (95% CI 0.83–0.96)], and mortality [HR 0.80 (95% CI 0.69–0.92)]. Conclusions: Applying NLP and ML, we generated valuable real-world evidence on anticoagulated AF patients in Spain. Even in complex populations, DOACs have demonstrated a better safety and effectiveness profile than VKAs. © 2024 by the authors.",
Saputra D.C.E.; Sunat K.; Ratnaningsih T.,A New Artificial Intelligence Approach Using Extreme Learning Machine as the Potentially Effective Model to Predict and Analyze the Diagnosis of Anemia,2023,"The procedure to diagnose anemia is time-consuming and resource-intensive due to the existence of a multitude of symptoms that can be felt physically or seen visually. Anemia also has several forms, which can be distinguished based on several characteristics. It is possible to diagnose anemia through a quick, affordable, and easily accessible laboratory test known as the complete blood count (CBC), but the method cannot directly identify different kinds of anemia. Therefore, further tests are required to establish a gold standard for the type of anemia in a patient. These tests are uncommon in settings that offer healthcare on a smaller scale because they require expensive equipment. Moreover, it is also difficult to discern between beta thalassemia trait (BTT), iron deficiency anemia (IDA), hemoglobin E (HbE), and combination anemias despite the presence of multiple red blood cell (RBC) formulas and indices with differing optimal cutoff values. This is due to the existence of several varieties of anemia in individuals, making it difficult to distinguish between BTT, IDA, HbE, and combinations. Therefore, a more precise and automated prediction model is proposed to distinguish these four types to accelerate the identification process for doctors. Historical data were retrieved from the Laboratory of the Department of Clinical Pathology and Laboratory Medicine, Faculty of Medicine, Public Health, and Nursing, Universitas Gadjah Mada, Yogyakarta, Indonesia for this purpose. Furthermore, the model was developed using the algorithm for the extreme learning machine (ELM). This was followed by the measurement of the performance using the confusion matrix and 190 data representing the four classes, and the results showed 99.21% accuracy, 98.44% sensitivity, 99.30% precision, and an F1 score of 98.84%. © 2023 by the authors.",87.0
Mazzu-Nascimento T.; Evangelista D.N.; Abubakar O.; Sousa A.S.; Souza L.C.D.; Chachá S.G.F.; Luporini R.L.; Domingues L.V.; Silva D.F.; Nogueira-De-Almeida C.A.,"Smartphone-based photo analysis for the evaluation of anemia, jaundice and COVID-19; [Analise de fotos pelo smartphone para avaliacao de anemia, ictericia e COVID-19]",2021,"Anemia and jaundice are common health conditions that affect millions of children, adults, and the elderly worldwide. Recently, the pandemic caused by severe acute respiratory syndrome-coronavirus 2 (SARS-CoV-2), the virus that leads to COVID-19, has generated an extreme worldwide concern and a huge impact on public health, education, and economy, reaching all spheres of society. The development of techniques for non-invasive diagnosis and the use of mobile health (mHealth) is reaching more and more space. The analysis of a simple photograph by smartphone can allow an assessment of a person's health status. Image analysis techniques have advanced a lot in a short time. Analyses that were previously done manually, can now be done automatically by methods involving artificial intelligence. The use of smartphones, combined with machine learning techniques for image analysis (preprocessing, extraction of characteristics, classification, or regression), capable of providing predictions with high sensitivity and specificity, seems to be a trend. We presented in this review some highlights of the evaluation of anemia, jaundice, and COVID-19 by photo analysis, emphasizing the importance of using the smartphone, machine learning algorithms, and applications that are emerging rapidly. Soon, this will certainly be a reality. Also, these innovative methods will encourage the incorporation of mHealth technologies in telemedicine and the expansion of people's access to health services and early diagnosis. © 2021. Associação Brasileira de Nutrologia. All rights reserved.",9.0
Hottenrott S.; Bendz P.; Meybohm P.; Bauer E.; Schmee S.; Haas T.; Kranke P.; Rumpf F.; Helmer P.; Hennemuth A.; Westphal M.; Alpers R.; Hüllebrand M.; Börm P.; Blanck N.; Zacharowski K.; Vo L.; Booms P.; Ghanem A.; Wolfram C.; Wagner C.; Milz L.; Yürek F.; Salgado E.; Spies C.; Balzer F.; Flothow A.; Sundmacher L.; König A.; Schüttig W.; von Dincklage F.; Nagel S.K.; Heilinger J.-C.,AI-augmented perioperative clinical decision support (KIPeriOP) – study design and initial interim results; [KI-augmentierte perioperative klinische Entscheidungsunterstützung (KIPeriOP) – Studiendesign und erste Zwischenergebnisse],2024,"The perioperative mortality rate in western industrialised nations is up to 4 %, with cardiovascular, pulmonary, infectious and coagulation-related complications being the most common causes. Findings and measures for preoperative risk evaluation are actually described in detail in multiple medical guidelines of different societies. In clinical practice, these are often not sufficiently followed for reasons of complexity, time pressure or incorrect risk assessment. To address this problem, a clinical decision support system (CDS) has been developed. Method and results The CE-certified KIPeriOP CDS system comprises numerous CDS tools that allow for a structured recording of the patient‘s medical history, examination and laboratory values and support physicians in making, step-by-step, evidence- and guideline-based decisions on pre-, intra- and postoperative care. A central element is the guideline-based CDS tool, which addresses various aspects of preoperative risk evaluation, anaemia management and prevention of delirium. The development of the KIPeriOP CDS system has also created a data model of over 2,500 coded, interoperable patient data items that can ideally be processed in perioperative medicine. As part of a prospective, randomised controlled study, the usability and clinical impact of the KIPeriOP CDS will be tested in 480 patients at four hospitals in Germany. The primary hypothesis was to increase guideline adherence by reducing unnecessary and increasing indicated additional preoperative examinations (e. g., ECG, echocardiography, cardiac stress tests, chest X-ray, pulmonary function tests, carotid Doppler) compared to standard care without the CDS system. Secondary endpoints include perioperative complications, documentation quality, health economic and ethical aspects. Based on real patient data, new prediction models for perioperative complications will also be developed using machine learning and AI algorithms and compared with established risk scores. Conclusion KIPeriOP aims to improve the precision and efficiency of preoperative risk evaluation, support clinical decision-making and improve the quality of patient care. © Anästh Intensivmed 2024.",
Froicu E.-M.; Oniciuc O.-M.; Afrăsânie V.-A.; Marinca M.-V.; Riondino S.; Dumitrescu E.A.; Alexa-Stratulat T.; Radu I.; Miron L.; Bacoanu G.; Poroch V.; Gafton B.,The Use of Artificial Intelligence in Predicting Chemotherapy-Induced Toxicities in Metastatic Colorectal Cancer: A Data-Driven Approach for Personalized Oncology,2024,"Background: Machine learning models learn about general behavior from data by finding the relationships between features. Our purpose was to develop a predictive model to identify and predict which subset of colorectal cancer patients are more likely to experience chemotherapy-induced toxicity and to determine the specific attributes that influence the presence of treatment-related side effects. Methods: The predictor was general toxicity, and for the construction of our data training, we selected 95 characteristics that represent the health state of 74 patients prior to their first round of chemotherapy. After the data were processed, Random Forest models were trained to offer an optimal balance between accuracy and interpretability. Results: We constructed a machine learning predictor with an emphasis on assessing the importance of numerical and categorical variables in relation to toxicity. Conclusions: The incorporation of artificial intelligence in personalizing colorectal cancer management by anticipating and overseeing toxicities more effectively illustrates a pivotal shift towards more personalized and precise medical care. © 2024 by the authors.",
Munagala N.V.L.M.K.; Langoju L.R.R.; Rani A.D.; Reddy D.K.,Optimised ensemble learning-based IoT-enabled heart disease monitoring system: an optimal fuzzy ranking concept,2023,"Generally, patients with heart diseases enquire for medical services while sick. They will not experience sickness often until they reach the last stage of heart disease, and so the damages are not reversible. Thus, the solution for reducing the death rate of heart disease healthcare is becoming the passive medical care type. Physicians usually monitor the physical status of patients, which helps in deciding when to provide medical services by considering the real-time analysis of patients. Moreover, a significant division of pervasive clinical care is taken as the development of practical monitoring systems. An IoT approaches are overwhelming the progression in addressing the issue of heart disease patient care since they can modify the service mode in a pervasive way. A remote monitoring model is more significant for realising pervasive healthcare services. Here, an ‘optimised ensemble learning’-based IoT-enabled heart disease monitoring system through an optimised ensemble fuzzy ranking (OEFR) strategy, deep feature extraction and heuristic improvement. Moreover, the hyperparameter of each classifier is optimised through a new improved dingo optimiser (I-DOX) algorithm. Throughout the result analysis, the accuracy of the designed I-DOX-based OEFR model is attained 96.72%. Thus, the analysis exhibits an overall performance analysis in terms of high performance. © 2023 Informa UK Limited, trading as Taylor & Francis Group.",7.0
Li Y.; Padman R.,Enhancing end-stage renal disease outcome prediction: a multisourced data-driven approach,2026,"Objectives To improve prediction of chronic kidney disease (CKD) progression to end-stage renal disease (ESRD) using machine learning (ML) and deep learning (DL) models applied to integrated clinical and claims data with varying observation windows, supported by explainable artificial intelligence (AI) to enhance interpretability and reduce bias. Materials and Methods We utilized data from 10 326 CKD patients, combining clinical and claims information from 2009 to 2018. After preprocessing, cohort identification, and feature engineering, we evaluated multiple statistical, ML and DL models using 5 distinct observation windows. Feature importance and SHapley Additive exPlanations (SHAP) analysis were employed to understand key predictors. Models were tested for robustness, clinical relevance, misclassification patterns, and bias. Results Integrated data models outperformed single data source models, with long short-term memory achieving the highest area under the receiver operating characteristic curve (AUROC) (0.93) and F1 score (0.65). A 24-month observation window optimally balanced early detection and prediction accuracy. The 2021 estimated glomerular filtration rate (eGFR) equation improved prediction accuracy and reduced racial bias, particularly for African American patients. Discussion Improved prediction accuracy, interpretability, and bias mitigation strategies have the potential to enhance CKD management, support targeted interventions, and reduce health-care disparities. Conclusion This study presents a robust framework for predicting ESRD outcomes, improving clinical decision-making through integrated multisourced data and advanced analytics. Future research will expand data integration and extend this framework to other chronic diseases. © 2026 © The Author(s) 2025. Published by Oxford University Press on behalf of the American Medical Informatics Association.",
Ponnusamy U.; Dhruva Darshan B.S.; Sampathila N.,Approaching Explainable Artificial Intelligence Methods in the Diagnosis of Iron Deficiency Anemia Using Blood Parameters,2023,"Anemia is a global health disorder diagnosed by observing blood parameters. It is a tedious and time-consuming method for healthcare workers to analyze the data manually and may also lead to mistakes. This paper proposes a novel method to understand the impact of blood parameters in diagnosing anemia. Machine learning methods have been used to classify the data, and the impact of the attributes was explained using explainable AI tools to bring transparency and trust to the architectures. XAI helps in ensuring fairness, accountability, and transparency. The models show a high accuracy of 80-100%• The beeswarm plot explained the impact of the various attributes present in a complete blood count in the diagnosis of iron deficiency anemia. The methods introduced help in the quick diagnosis of anemia and save time for healthcare professionals. Improvement in the current technology in collaboration with healthcare workers will lead the medical domain to new heights. © 2023 IEEE.",4.0
Jones J.H.; Sakai T.,The Potential Impacts of Artificial Intelligence on Preoperative Optimization and Predicting Risks of Morbidity and Mortality: A Narrative Focused Review,2025,"Preoperative optimization clinics enhance surgical outcomes by optimizing patients' health, reducing unnecessary tests, and minimizing cancellations. Artificial intelligence (AI) now promises to further advance these efforts by improving predictive modeling, automating risk assessments, and enabling personalized care strategies. AI models have shown particular strength in predicting postoperative complications, such as cardiovascular events. Tools like natural language processing (NLP) have also improved risk detection for conditions like alcohol misuse. The historical development of preoperative clinics-from Dr. J Alfred Lee's initial concept in 1949 to modern models like Enhanced Recovery After Surgery (ERAS) and Anesthesia Preoperative Evaluation Clinic (APEC)-laid the groundwork for today's integration of electronic health records (EHRs) and decision-support systems, now evolving toward AI-driven care. Machine-learning algorithms have proven superior to traditional models for predicting postoperative anemia, opioid dependence, diabetes complications, and mortality risks, thus offering precise stratification and resource optimization. Specific applications include AI-assisted anemia management, penicillin allergy delabelling, and opioid use prediction after major surgeries. AI also enhances patient education through tools like ChatGPT and improves smoking cessation efforts using conversational AI. NLP has demonstrated better accuracy than standard International Classification of Disease (ICD) codes in identifying risky alcohol use (>2 standard drinks per day before surgery). However, barriers to widespread adoption include data privacy, algorithmic bias, and clinician skepticism. Future studies should focus on validating AI models across diverse populations and integrating AI recommendations within clinical workflows while adhering to evolving regulatory standards. Ultimately, AI's incorporation into preoperative assessments could significantly boost the efficiency and impact of clinic resources, potentially shifting outcomes more favorably by improving the slope of resource utilization versus patient outcome curves. Continued research and refinement are essential for AI to achieve its full potential in perioperative medicine. Copyright © 2025 International Anesthesia Research Society.",
Burlacu A.; Iftene A.; Jugrin D.; Popa I.V.; Lupu P.M.; Vlad C.; Covic A.,Using Artificial Intelligence Resources in Dialysis and Kidney Transplant Patients: A Literature Review,2020,"Background. The purpose of this review is to depict current research and impact of artificial intelligence/machine learning (AI/ML) algorithms on dialysis and kidney transplantation. Published studies were presented from two points of view: What medical aspects were covered? What AI/ML algorithms have been used? Methods. We searched four electronic databases or studies that used AI/ML in hemodialysis (HD), peritoneal dialysis (PD), and kidney transplantation (KT). Sixty-nine studies were split into three categories: AI/ML and HD, PD, and KT, respectively. We identified 43 trials in the first group, 8 in the second, and 18 in the third. Then, studies were classified according to the type of algorithm. Results. AI and HD trials covered: (a) dialysis service management, (b) dialysis procedure, (c) anemia management, (d) hormonal/dietary issues, and (e) arteriovenous fistula assessment. PD studies were divided into (a) peritoneal technique issues, (b) infections, and (c) cardiovascular event prediction. AI in transplantation studies were allocated into (a) management systems (ML used as pretransplant organ-matching tools), (b) predicting graft rejection, (c) tacrolimus therapy modulation, and (d) dietary issues. Conclusions. Although guidelines are reluctant to recommend AI implementation in daily practice, there is plenty of evidence that AI/ML algorithms can predict better than nephrologists: volumes, Kt/V, and hypotension or cardiovascular events during dialysis. Altogether, these trials report a robust impact of AI/ML on quality of life and survival in G5D/T patients. In the coming years, one would probably witness the emergence of AI/ML devices that facilitate the management of dialysis patients, thus increasing the quality of life and survival. © 2020 Alexandru Burlacu et al.",54.0
Nemlander E.; Ewing M.; Abedi E.; Hasselström J.; Sjövall A.; Carlsson A.C.; Rosenblad A.,A machine learning tool for identifying non-metastatic colorectal cancer in primary care,2023,"Background: Primary health care (PHC) is often the first point of contact when diagnosing colorectal cancer (CRC). Human limitations in processing large amounts of information warrant the use of machine learning as a diagnostic prediction tool for CRC. Aim: To develop a predictive model for identifying non-metastatic CRC (NMCRC) among PHC patients using diagnostic data analysed with machine learning. Design and setting: A case–control study containing data on PHC visits for 542 patients >18 years old diagnosed with NMCRC in the Västra Götaland Region, Sweden, during 2011, and 2,139 matched controls. Method: Stochastic gradient boosting (SGB) was used to construct a model for predicting the presence of NMCRC based on diagnostic codes from PHC consultations during the year before the date of cancer diagnosis and the total number of consultations. Variables with a normalised relative influence (NRI) >1% were considered having an important contribution to the model. Risks of having NMCRC were calculated using odds ratios of marginal effects. Results: Of the 361 variables used as predictors in the stochastic gradient boosting model, 184 had non-zero influence, with 16 variables having NRI >1% and a combined NRI of 63.3%. Variables representing anaemia and bleeding had a combined NRI of 27.6%. The model had a sensitivity of 73.3% and a specificity of 83.5%. Change in bowel habit had the highest odds ratios of marginal effects at 28.8. Conclusion: Machine learning is useful for identifying variables of importance for predicting NMCRC in PHC. Malignant diagnoses may be hidden behind benign symptoms such as haemorrhoids. © 2023 The Author(s)",29.0
Giraldo M.Z.; Zuluaga S.G.; Goobie S.M.,Perioperative patient blood management: A new standard of care for pediatric patients; [Manejo de la sangre en el paciente perioperatorio: un nuevo estándar de atención para pacientes pediátricos],2025,"Perioperative Patient Blood Management (PBM) is an evidence-based, patient-centered approach increasingly recognized as the standard of care in pediatric surgery. Although blood transfusion save lives, it carries higher risks in children, including immunomodulation, organ dysfunction, prolonged hospitalization, and increased costs. Preoperative anemia, particularly common in low- and middle-income countries, is a predictor of perioperative transfusion and adverse outcomes. PBM is based on three pillars: optimizing red cell mass, minimizing perioperative blood loss, and improving tolerance to anemia. Strategies include early anemia detection, iron supplementation, restrictive transfusion thresholds, intraoperative blood conservation techniques, antifibrinolytic therapy, cell saver, normovolemic hemodilution, Surgical, anesthetic methods and goal-directed transfusion guided by viscoelastic testing and massive hemorrhage protocols. Massive perioperative hemorrhage remains a leading cause of morbidity and preventable cardiac arrest in children, particularly in complex surgeries such as trauma, cardiac procedures, scoliosis, craniosynostosis, and liver transplantation. Effective management requires early recognition of high-risk patients, restrictive transfusion strategies, meticulous surgical hemostasis, and goal-directed interventions guided by viscoelastic testing and massive hemorrhage protocols. Novel approaches, such as artificial intelligence and machine learning, may further enhance inventory management and predict transfusion needs. Importantly, pediatric transfusion practices must consider unique physiological requirements, avoiding simple extrapolation from adult thresholds. Postoperative management emphasizes minimizing iatrogenic blood loss, adhering to institutional guidelines, and applying multimodal, physiology-guided strategies. PBM improves safety, reduces unnecessary transfusions, conserves resources, and enhances outcomes in pediatric perioperative care. Implementation requires multidisciplinary collaboration and institutional commitment. © 2025, Sociedad de Anestesiologia de Chile. All rights reserved.",
Wen H.; Zhang T.; Ju T.; Chen Y.; Liu M.; Wang Z.; Zhao L.; Cheng C.,Blood Cell Detection: A Review,2025,"Blood cell detection is vital for diagnosing diseases like anemia and leukemia, monitoring health, and supporting research. Once reliant on manual microscopy, it now employs automated methods for greater accuracy and efficiency. This review covers flow cytometry for rapid cell analysis, image analysis using machine learning for automated classification, and emerging technologies like microfluidics and biosensors. These advancements aid disease diagnosis, drug development, and health monitoring. Artificial intelligence integration promises enhanced precision and point-of-care testing, paving the way for personalized healthcare. These innovations collectively improve diagnostic capabilities and patient care.  © 2025 IEEE.",
Sabitha R.; Shanthini J.; Karthik S.,Next era of computing with machine learning in different disciplines,2022,"Data mining refers to the extraction of useful information/knowledge from huge volumes of data that are in raw form. Various techniques such as clustering, classification, feature selection, association rule mining and outlier analysis are applied to the raw data for processing to obtain the desired useful knowledge. A variety of applications exists for data mining ranging from stock market to weather forecasting. One such application of data mining is its usability in the medical field known as healthcare mining (or) mining medical data. Almost all the hospitals use some hospital management system to manage healthcare in patients. Unfortunately, most of the systems rarely use huge clinical data where vital information is hidden. As these systems create a huge amount of data in varied forms, this data is seldom visited and remains untapped. Hence, lots of effort are required to make intelligent decisions in this scenario. Although computerised clinical guidelines may provide benefits for health outcomes and costs, their successful implementation is more challenging to investigate significant problems. Anaemia is a common haematological disease and it's a condition that develops when blood cells lack enough healthy red blood cells (RBCs) or haemoglobin. Anaemia is classified into different types based on complete blood cell (CBC) count test values. This work concentrates on the classification of the disease in top five disease categories that are commonly prevailing. In this work, artificial intelligence (AI) technologies and agent framework have made an attempt to assist in the diagnosis of the disease in question. In this work, a novel approach is proposed to develop a clinical decision support system (CDSS) for classifying the severity of anaemia disease diagnosis using data mining and AI techniques. The major goal is to build an expert system for diagnosing the presence of anaemic disease with an integrated automated classifier using AI techniques. Real-time dataset is employed in the work with major ranking attributes - mean corpuscular volume (MCV), mean corpuscular haemoglobin concentration (MCHC) and RBC. The dataset is pre-processed, and tests are run using Weka classifiers available in Weka 3.8. Experimental results demonstrate the effectiveness of the proposed CDSS in anaemia diagnosis. The purpose of this work is to develop a cost-effective analysis using JADE and J48 Decision Tree Data-Mining technology for facilitating database of the Decision Support System. Experimental analysis is done to identify the effectiveness of the proposed methodology. © 2023 Abid Hussain, Garima Tyagi and Sheng-Lung Peng. All rights reserved.",0.0
Valles-Coral M.A.; Navarro-Cabrera J.R.; Pinedo L.; Injante R.; Quintanilla-Morales L.K.; Farro-Roque M.E.,Non-Invasive Detection of Iron Deficiency Anemia in Young Adults Through Finger-Tip Video Image Analysis,2024,"In this study, we propose the use of a convolutional neural network (CNN) (2+1) D-based model for the non-invasive detection of iron deficiency anemia using smartphones, addressing the need for accessible and efficient diagnostic methods. We have collected fingertip images from 909 young people, creating a robust dataset to train and validate the model through machine learning (ML), providing us with both spatial and temporal information. Our approach stands out for its simplicity and potential to be implemented in diverse contexts, which facilitates early and accurate diagnosis of anemia. The results show remarkable performance indices in the validation set: an accuracy of 0.9840, a precision of 0.9830, a sensitivity (recall) of 0.9840, an F1-Score of 0.9835, and an AUC ROC of 0.9878, demonstrating the model’s high ability to effectively classify anemic states. These findings validate the efficacy of the model to significantly improve the detection of iron deficiency anemia, promoting the use of mobile technologies and machine learning for more accessible and efficient diagnosis globally. This breakthrough marks a significant step towards improving access and efficiency in health diagnostics through smartphone technology and machine learning, opening new avenues for the effective management of anemia and other health conditions. © 2024 by the authors of this article.",
Sujith A.V.L.N.; Sajja G.S.; Mahalakshmi V.; Nuhmani S.; Prasanalakshmi B.,Systematic review of smart health monitoring using deep learning and Artificial intelligence,2022,"In the rapidly growing world of technology and evolution, the outbreak and emergences diseases have become a critical issue. Precaution, prevention and controlling the diseases by technology has become the major challenge for healthcare professionals and health care industries. Maintaining a healthy lifestyle has become impossible in the busy work schedules. Smart health monitoring system is the solution to the above poses challenges. The recent revolution of industry 5.0 and 5G has led to development of smart cum cost effective sensors which help in real time health monitoring or individuals. The SHM has led to fast, cost effective, and reliable health monitoring services from remote locations which was not possible with traditional health care systems. The integration of blockchain framework improved data security and data privacy of confidential data of patient to prevent the data misuse against patients. Involvement of Deep Learning and Machine learning to analyze health data to achieve multiple targets has helped attain preventive healthcare and fatality management in patients. This has helped in the early detection of chronic diseases which was not possible recently. To make the services more cost effective and real time, the integration of cloud computing and cloud storage has been implemented. The work presents the systematic review of SHM along with recent advancements in SHM with existing challenges. © 2021",252.0
Olawade D.B.; Adeniji Y.J.; Olatunbosun F.A.; Egbon E.; Clement David-Olawade A.,"Artificial intelligence for anemia screening, diagnosis, and management",2026,"Anemia affects over 1.6 billion people globally, representing a significant public health challenge, particularly in low- and middle-income countries where traditional diagnostic methods face barriers including invasive procedures, skilled personnel requirements, and inadequate laboratory infrastructure. Artificial intelligence (AI) has emerged as a promising technology offering non-invasive, rapid, and cost-effective solutions for anemia detection and management. This narrative review synthesises current literature on AI applications in anemia screening, diagnosis, and clinical management, examining methodologies, performance metrics, implementation challenges, and future research directions. We conducted a comprehensive narrative synthesis informed by systematic search principles, searching PubMed, IEEE Xplore, Scopus, and Web of Science databases with additional hand-searching and expert consultation. AI models demonstrate variable accuracy in anemia detection across diverse data sources, with performance ranging from 75–97 % AUC depending on methodology and validation approaches. Machine learning algorithms such as support vector machines, convolutional neural networks, and random forests show potential for achieving performance comparable to standard blood tests in controlled research settings. Smartphone-integrated applications and point-of-care systems show particular promise for resource-limited settings, though real-world validation remains limited. While AI shows significant potential for enhancing accessibility and diagnostic efficiency in anemia care, critical challenges including data standardisation, algorithmic bias, regulatory compliance, clinical validation in diverse populations, and deployment equity in low- and middle-income countries require urgent attention to ensure equitable implementation and clinical adoption. © 2025 The Author(s).",
Sajid Farooq M.; Hassan Ghulam Muhammad M.; Ali O.; Zeeshan Z.; Saleem M.; Ahmad M.; Abbas S.; Khan M.A.; Ghazal T.M.,Developing a Transparent Anaemia Prediction Model Empowered With Explainable Artificial Intelligence,2025,"The worldwide health epidemic of anaemia which is a condition with low levels of red blood cells or haemoglobin requires accurate prediction models to act promptly and improve patient outcomes because it is widespread and has different causes. The effective management of anaemia is piled with obstructions, which may include the variability of diagnostic criteria, the resource limitations of healthcare, and the multifactorial nature of the disease including nutritional deficiencies, chronic disease, and genetic factors. Conventional anaemia prediction models, that predominantly rely on statistics and are trained on clinical risk scores, are frequently incapable of providing practical solutions and meaningful insights into anaemia diagnosis. There is a growing interest in focusing on Artificial Intelligence (AI) use for anaemia prediction, however, traditional AI models (black boxes) lack transparency, which causes doctors not to pick them up for practical usage. Actionable insights that are enabled by transparent AI models (white boxes) based on the explainable AI methodologies reveal the rationales of the prediction, clarify the features that are responsible for them, and help clinicians and healthcare providers. In this research work, a transparent anaemia prediction model (white box) empowered by explainable AI techniques is proposed to address the limitations of black boxes in terms of transparency. The proposed model utilizes machine learning algorithms such as Support Vector Machine (SVM), Decision Trees, K-Neighbors Classifier, and Gradient Boosting Classifier, enhanced with Explainable AI (XAI) techniques like SHAP and LIME. With the integration of explainable AI techniques like SHapley Additive exPlanations (SHAP), and Local Interpretable Model-agnostic Explanations (LIME), the proposed model offers insights into the underlying factors influencing anaemia predictions. The proposed model, significantly, represents exceptional growth in the healthcare sector and helps in bridging the gap between predictive performance and clinical interpretability, thus improving patient care and disease management strategies. The model simulation results are showing promising results in terms of the accuracy (98.13%) and the miss-rate (1.87%) which are the superior performance compared to the previous published approaches.  © 2013 IEEE.",
Wang X.; Ezeana C.F.; Wang L.; Puppala M.; Huang Y.-S.; He Y.; Yu X.; Yin Z.; Zhao H.; Lai E.C.; Wong S.T.C.,Risk factors and machine learning model for predicting hospitalization outcomes in geriatric patients with dementia,2022,"Introduction: Geriatric patients with dementia incur higher healthcare costs and longer hospital stays than other geriatric patients. We aimed to identify risk factors for hospitalization outcomes that could be mitigated early to improve outcomes and impact overall quality of life. Methods: We identified risk factors, that is, demographics, hospital complications, pre-admission, and post-admission risk factors including medical history and comorbidities, affecting hospitalization outcomes determined by hospital stays and discharge dispositions. Over 150 clinical and demographic factors of 15,678 encounters (8407 patients) were retrieved from our institution's data warehouse. We further narrowed them down to twenty factors through feature selection engineering by using analysis of variance (ANOVA) and Glmnet. We developed an explainable machine-learning model to predict hospitalization outcomes among geriatric patients with dementia. Results: Our model is based on stacking ensemble learning and achieved accuracy of 95.6% and area under the curve (AUC) of 0.757. It outperformed prevalent methods of risk assessment for encounters of patients with Alzheimer's disease dementia (ADD) (4993), vascular dementia (VD) (4173), Parkinson's disease with dementia (PDD) (3735), and other unspecified dementias (OUD) (2777). Top identified hospitalization outcome risk factors, mostly from medical history, include encephalopathy, number of medical problems at admission, pressure ulcers, urinary tract infections, falls, admission source, age, race, anemia, etc., with several overlaps in multi-dementia groups. Discussion: Our model identified several predictive factors that can be modified or intervened so that efforts can be made to prevent recurrence or mitigate their adverse effects. Knowledge of the modifiable risk factors would help guide early interventions for patients at high risk for poor hospitalization outcome as defined by hospital stays longer than seven days, undesirable discharge disposition, or both. The interventions include starting specific protocols on modifiable risk factors like encephalopathy, falls, and infections, where non-existent or not routine, to improve hospitalization outcomes of geriatric patients with dementia. Highlights: A total 15,678 encounters of Geriatrics with dementia with a final 20 risk factors. Developed a predictive model for hospitalization outcomes for multi-dementia types. Risk factors for each type were identified including those amenable to interventions. Top factors are encephalopathy, pressure ulcers, urinary tract infection (UTI), falls, and admission source. With accuracy of 95.6%, our ensemble predictive model outperforms other models. © 2022 The Authors. Alzheimer's & Dementia: Translational Research & Clinical Interventions published by Wiley Periodicals LLC on behalf of Alzheimer's Association.",6.0
Kasiviswanathan S.; Vijayan T.B.,Examining different cost ratio frameworks for decision rule machine learning algorithms in diagnostic application,2024,"BACKGROUND: Artificial Intelligence (AI) plays a pivotal role in the diagnosis of health conditions ranging from general well-being to critical health issues. In the realm of health diagnostics, an often overlooked but critical aspect is the consideration of cost-sensitive learning, a facet that this study prioritizes over the non-invasive nature of the diagnostic process whereas the other standard metrics such as accuracy and sensitivity reflect weakness in error profile. OBJECTIVE: This research aims to investigate the total cost of misclassification (Total Cost) by decision rule Machine Learning (ML) algorithms implemented in Java platforms such as DecisionTable, JRip, OneR, and PART. An augmented dataset with conjunctiva images along candidates’ demographic and anthropometric features under supervised learning is considered with a specific emphasis on cost-sensitive classification. METHODS: The opted decision rule classifiers use the text features, additionally the image feature ‘a* value of CIELAB color space’ extracted from the conjunctiva digital images as input attributes. The pre-processing consists of amalgamating text and image features on a uniform scale, normalizing. Then the 10-fold cross-validation enables the classification of samples into two categories: the presence or absence of the anemia. This study utilizes the Cost Ratio (ρ) extracted from the cost matrix to meticulously monitor the Total Cost in four different cost ratio methodologies namely Uniform (U), Uniform Inverted (UI), Non-Uniform (NU), and Non-Uniform Inverted (NUI). RESULTS: It has been established that the PART classifier stands out as the top performer in this binary classification task, yielding the lowest mean total cost of 629.9 compared to other selected classifiers. Moreover, it demonstrates a comparatively lower standard deviation 335.9, and lower total cost across all four different cost ratio methodologies. The ranking of algorithm performance goes as follows: PART, JRIP, DecisionTable, and OneR. CONCLUSION: The significance of adopting a cost-sensitive learning approach is emphasized showing the PART classifier’s consistent performance within the proposed framework for learning the anemia dataset. This emphasis on cost-sensitive learning not only enhances the recommendations in diagnosis but also holds the potential for substantial cost savings and makes it a noteworthy focal point in the advancement of AI-driven health care. © 2024 – IOS Press.",
Anika; Lavanya M.; Madhubala M.; Namratha R.; Rashmitha Rani B.N.; Nagamani K.,An Intelligent Maternal Care System Using Sensor Fusion and AI,2025,"Maternal mortality remains a critical global health challenge, with approximately 280,000 maternal deaths annually due to preventable pregnancy-related complications. This paper presents a comprehensive review of an intelligent maternal care system that integrates sensor fusion technology and artificial intelligence to address the growing need for continuous maternal health monitoring. The proposed system combines multiple physiological sensors including ECG monitors (AD8232), pulse oximeters (MAX30100), temperature sensors (DS18B20), motion sensors (MPU6050), galvanic skin response sensors, and environmental monitoring devices to provide real-time assessment of maternal and fetal wellbeing. The system architecture employs a React-based frontend interface with Firebase cloud infrastructure for scalable data storage and real-time synchronization. Machine learning algorithms analyze multi-parameter sensor data to enable early detection of critical conditions including preeclampsia, gestational hypertension, anemia, sleep disorders, mental health complications, and maternal infections. The integrated platform facilitates bidirectional communication between healthcare providers and patients through secure messaging systems while providing predictive risk assessment and clinical decision support tools. Environmental factors are incorporated through air quality and humidity sensors to provide contextual health assessments. The system's predictive analytics capabilities enable proactive intervention strategies, potentially reducing maternal mortality rates and healthcare costs while improving accessibility to quality prenatal care, particularly in resource-limited settings. This comprehensive approach to continuous maternal monitoring represents a significant advancement in leveraging Internet of Medical Things (IoMT) technology for improved pregnancy outcomes and demonstrates the potential for AI-driven healthcare solutions to address critical gaps in maternal care delivery.  © 2025 IEEE.",
Kesarwani A.; Das S.; Kisku D.R.; Dalui M.,Dual mode information fusion with pre-trained CNN models and transformer for video-based non-invasive anaemia detection,2024,"Anaemia, caused by low haemoglobin levels, affects billions of people worldwide. India has one of the highest anaemia rates among developing nations, according to WHO data. Non-invasive, low-cost, and accurate anaemia screening technologies are in high demand because invasive methods are expensive and difficult to administer globally. The current effort aims to construct a reliable anaemia detection system by combining cutting-edge computational methods with the age-old practise of imprecise assessment of haemoglobin levels from pallor in palm. The proposed method utilises time-domain analysis to establish the connection between blood haemoglobin concentration and colour changes in the palm caused by pressure application and release. A smartphone camera sensor which records the full event of palm colour changes generated by a customised device is processed and analysed. Some key frames are selected from extracted frames and passed to the pre-trained deep learning models for feature extractions. These features are then passed through vision transformers for classification and regression tasks. This approach have the power of pre-trained models for feature extraction and utilises the flexibility of transformer encoders and MLP networks for efficient and effective representation learning, classification, and regression. Two different approaches are proposed i.e., decision level and feature level fusion. The suggested approach accurately estimates blood haemoglobin levels with RMSE and accuracy of 0.483 and 96.296%, respectively based on 531 video samples of palm evidence. © 2023",
Haines D.D.; Rose S.C.; Cowan F.M.; Mahmoud F.F.; Rizvanov A.A.; Tosaki A.,Leveraging Artificial Intelligence and Modulation of Oxidative Stressors to Enhance Healthspan and Radical Longevity,2025,"This review explores the transformative potentials of artificial intelligence (AI) in promoting healthspan and longevity. Healthspan focuses on enhancing quality of life free from chronic conditions, while longevity defines current lifespan limits within a particular species and encompasses biological aging at multiple levels. AI methodologies—including machine learning, deep learning, natural language processing, robotics, and data analytics—offer unprecedented tools to analyze complex biological data, accelerate biomarker discovery, optimize therapeutic interventions, and personalize medicine. Notably, AI has facilitated breakthroughs in identifying accurate biomarkers of biological age, developing precision medicine approaches, accelerating drug discovery, and enhancing genomic editing technologies such as CRISPR. Further, AI-based analysis of endogenous cytoprotection, especially the activity of molecules such as heme oxygenase, with particular application to hemolytic diseases. AI-driven robotics and automated monitoring systems significantly improve elderly care, lifestyle interventions, and clinical trials, demonstrating considerable potential to extend both healthspan and lifespan. However, the integration of AI into longevity research poses ethical and societal challenges, including concerns over privacy, equitable access, and broader implications of extended human lifespans. Strategic interdisciplinary collaboration, transparent AI methodologies, standardized data frameworks, and equitable policy approaches are essential to responsibly harness AI’s full potential in transforming longevity science and improving human health. © 2025 by the authors.",
Belderrar A.; Hazzab A.,Real-time estimation of hospital discharge using fuzzy radial basis function network and electronic health record data,2021,"Hospital resources are scarce and should be properly distributed and justified. Information about how long patients stays in critical intensive care units can provide significant benefits to hospital management resources and optimal admission planning. In this paper, we propose an approach for estimating intensive care unit length of stay using fuzzy radial basis function neural network model. The predictive performance of the model is compared to others using data collected over 13,587 admissions and 54 predictive factors from five critical units with discharges between 2001 and 2012. The proposed model compared to others demonstrated higher accuracy and better estimations. The three most influential factors in predicting length of stay at the early stage of pre-admission were demographic characteristics, admission type, and the first location within the hospital prior to critical unit admission. We have found about 63% of patients with multiple chronic conditions, stayed significantly longer in hospital. Enabling the proposed prediction model in clinical decision support system may serve as reference tools for communicating with patients and hospital managers. © 2021 Inderscience Enterprises Ltd.. All rights reserved.",29.0
Goodwin T.R.; Demner-Fushman D.,A customizable deep learning model for nosocomial risk prediction from critical care notes with indirect supervision,2020,"Objective: Reliable longitudinal risk prediction for hospitalized patients is needed to provide quality care. Our goal is to develop a generalizable model capable of leveraging clinical notes to predict healthcare-associated diseases 24-96 hours in advance. Methods: We developed a reCurrent Additive Network for Temporal RIsk Prediction (CANTRIP) to predict the risk of hospital acquired (occurring ≥ 48 hours after admission) acute kidney injury, pressure injury, or anemia ≥ 24 hours before it is implicated by the patient's chart, labs, or notes. We rely on the MIMIC III critical care database and extract distinct positive and negative cohorts for each disease. We retrospectively determine the date-of-event using structured and unstructured criteria and use it as a form of indirect supervision to train and evaluate CANTRIP to predict disease risk using clinical notes. Results: Our experiments indicate that CANTRIP, operating on text alone, obtains 74%-87% area under the curve and 77%-85% Specificity. Baseline shallow models showed lower performance on all metrics, while bidirectional long short-term memory obtained the highest Sensitivity at the cost of significantly lower Specificity and Precision. Discussion: Proper model architecture allows clinical text to be successfully harnessed to predict nosocomial disease, outperforming shallow models and obtaining similar performance to disease-specific models reported in the literature. Conclusion: Clinical text on its own can provide a competitive alternative to traditional structured features (eg, lab values, vital signs). CANTRIP is able to generalize across nosocomial diseases without disease-specific feature extraction and is available at https://github.com/h4ste/cantrip.  © Published by Oxford University Press on behalf of the American Medical Informatics Association 2020. This work is written by US Government employees and is in the public domain in the US.",27.0
Meher R.,The 8-Model framework: a strategic roadmap for patient blood management implementation- A critical commentary,2025,[No abstract available],
Walsh F.; Zhenchuk A.; Luthringer C.; Kratz C.; Schweigert F.,How big data analytics can strengthen large-scale food fortification and biofortification decision-making: A scoping review,2025,"Big data analytics have shown great potential to improve decision-making in health, including disease surveillance and healthcare delivery. This scoping review explores how big data supports decision-making in large-scale food fortification (LSFF) and biofortification across the food value chain. Following PRISMA guidelines, we analyzed open-access peer-reviewed literature and gray literature from 2012 to 2022. Given the limited literature, we broadened our search to include big data applications in agriculture and nutrition, aiming to draw relevant insights for LSFF and biofortification. Of 1678 records, 28 mentioned LSFF or biofortification, all published between 2018 and 2022. Overall, most records focused on production (60%) and inputs (19.5%). Notably, 16.7% (n = 7) of records mentioning LSFF or biofortification addressed public health monitoring, compared to 2.3% (n = 45) of those without a mention. Use case examples include blockchain and Internet of Things (IoT) for fortified product traceability, machine learning to predict fortification gaps, and artificial intelligence to analyze anemia prevalence, highlighting opportunities to enhance both production and public health monitoring. Despite this potential, big data use in LSFF and biofortification remains limited. Expanding its use in underexplored areas, such as distribution and regulation, could enhance decision-making, efficiency, and sustainability in LSFF and biofortification. © 2025 The Author(s). Annals of the New York Academy of Sciences published by Wiley Periodicals LLC on behalf of The New York Academy of Sciences.",
Seong H.; Lee K.-S.; Choi Y.; Na D.; Kim J.; Shin H.J.; Ahn K.H.,Explainable artificial intelligence for predicting red blood cell transfusion in geriatric patients undergoing hip arthroplasty: Machine learning analysis using national health insurance data,2024,"This study uses machine learning and population data to analyze major determinants of blood transfusion among patients with hip arthroplasty. Retrospective cohort data came from Korea National Health Insurance Service claims data for 19,110 patients aged 65 years or more with hip arthroplasty in 2019. The dependent variable was blood transfusion (yes vs no) in 2019 and its 31 predictors were included. Random forest variable importance and Shapley Additive Explanations were used for identifying major predictors and the directions of their associations with blood transfusion. The random forest registered the area under the curve of 73.6%. Based on random forest variable importance, the top-10 predictors were anemia (0.25), tranexamic acid (0.17), age (0.16), socioeconomic status (0.05), spinal anesthesia (0.05), general anesthesia (0.04), sex (female) (0.04), dementia (0.03), iron (0.02), and congestive heart failure (0.02). These predictors were followed by their top-20 counterparts including cardiovascular disease, statin, chronic obstructive pulmonary disease, diabetes mellitus, chronic kidney disease, peripheral vascular disease, liver disease, solid tumor, myocardial infarction and hypertension. In terms of max Shapley Additive Explanations values, these associations were positive, e.g., anemia (0.09), tranexamic acid (0.07), age (0.09), socioeconomic status (0.05), spinal anesthesia (0.05), general anesthesia (0.04), sex (female) (0.02), dementia (0.03), iron (0.04), and congestive heart failure (0.03). For example, the inclusion of anemia, age, tranexamic acid or spinal anesthesia into the random forest will increase the probability of blood transfusion among patients with hip arthroplasty by 9%, 7%, 9% or 5%. Machine learning is an effective prediction model for blood transfusion among patients with hip arthroplasty. The high-risk group with anemia, age and comorbid conditions need to be treated with tranexamic acid, iron and/or other appropriate interventions. © 2024 Lippincott Williams and Wilkins. All rights reserved.",
Sharma S.; Dudeja D.,Towards Intelligent Anemia Detection: An Empirical Analysis of Clinical and Imaging-Based Machine Learning Approaches,2025,"Anemia affects more than 1.6 billion people worldwide and remains a critical global health concern due to its impact on oxygen delivery and patient well-being. Conventional diagnostic methods such as complete blood count (CBC) and peripheral blood smear (PBS) analysis, while reliable, are labor-intensive, resource-dependent, and impractical for large-scale screening in low-resource settings. Recent advances in artificial intelligence (AI) and deep learning (DL) provide promising opportunities for automated, accurate, and scalable anemia detection. Unlike prior works that focus solely on reviewing techniques or applying traditional ML models with handcrafted features, this paper makes a dual contribution: (1) it presents a systematic review of machine learning and deep learning approaches for anemia detection, highlighting the evolution from conventional classifiers to CNNs, Vision Transformers, and hybrid multimodal frameworks; and (2) it introduces and empirically validates a fine-tuned ResNet50 model applied to PBS images. The proposed framework achieves state-of-the-art performance with 98% accuracy and a 99.1% F1-score, outperforming several existing methods. In addition, this work identifies key challenges - including dataset scarcity, generalization across diverse imaging conditions, and model interpretability - and outlines future directions such as multimodal fusion, explainable AI, and clinical integration. Together, these contributions advance the development of intelligent and clinically viable anemia detection systems for improved healthcare outcomes. © 2025 IEEE.",
Demagny J.; Roussel C.; Le Guyader M.; Guiheneuf E.; Harrivel V.; Boyer T.; Diouf M.; Dussiot M.; Demont Y.; Garçon L.,Combining imaging flow cytometry and machine learning for high-throughput schistocyte quantification: A SVM classifier development and external validation cohort,2022,"Background: Schistocyte counts are a cornerstone of the diagnosis of thrombotic microangiopathy syndrome (TMA). Their manual quantification is complex and alternative automated methods suffer from pitfalls that limit their use. We report a method combining imaging flow cytometry (IFC) and artificial intelligence for the direct label-free and operator-independent quantification of schistocytes in whole blood. Methods: We used 135,045 IFC images from blood acquisition among 14 patients to extract 188 features with IDEAS® software and 128 features from a convolutional neural network (CNN) with Keras framework in order to train a support vector machine (SVM) blood elements’ classifier used for schistocytes quantification. Finding: Keras features showed better accuracy (94.03%, CI: 93.75-94.31%) than ideas features (91.54%, CI: 91.21-91.87%) in recognising whole-blood elements, and together they showed the best accuracy (95.64%, CI: 95.39-95.88%). We obtained an excellent correlation (0.93, CI: 0.90-0.96) between three haematologists and our method on a cohort of 102 patient samples. All patients with schistocytosis (>1% schistocytes) were detected with excellent specificity (91.3%, CI: 82.0-96.7%) and sensitivity (100%, CI: 89.4-100.0%). We confirmed these results with a similar specificity (91.1%, CI: 78.8-97.5%) and sensitivity (100%, CI: 88.1-100.0%) on a validation cohort (n=74) analysed in an independent healthcare centre. Simultaneous analysis of 16 samples in both study centres showed a very good correlation between the 2 imaging flow cytometers (Y=1.001x). Interpretation: We demonstrate that IFC can represent a reliable tool for operator-independent schistocyte quantification with no pre-analytical processing which is of most importance in emergency situations such as TMA. Funding: None. © 2022 The Author(s)",11.0
Kilic Gunes E.,Artificial intelligence in hematology: current trends and application areas,2025,"This study aims to map the current research trends, application areas, and thematic clusters of artificial intelligence (AI) technologies in hematology. A literature search was conducted in the Web of Science on June 1, 2025, covering the years 1980–2025. A total of 376 original research articles were analyzed using bibliometric techniques, including trend keyword and factor analyses, via the bibliometrix package in R Studio. The USA (n = 111), China (79), the United Kingdom (22), and Germany (21) were the most productive countries, with Harvard University as the leading institution. Keywords revealed research concentration in thrombosis, venous thromboembolism, risk assessment, hematopoietic stem cell transplantation, atrial fibrillation, anticoagulants, morphological analysis, blood management, sepsis, and acute myeloid leukemia. Recent years have shown rising interest in transcriptome, prediction modeling, hematopoietic stem cell transplantation, blood management, thrombosis, venous thromboembolism cancer and COVID-19 related complications. Factor analysis grouped the literature into five clusters: AI and core hematologic diseases, clinical quality improvement, risk prediction using health data, intensive care, and cardiovascular applications. AI demonstrates substantial contributions to diagnostic accuracy, prognostication, and personalized care in hematology. The findings highlight AI’s growing potential in enhancing clinical decision-making and improving patient outcomes through data-driven and genomics-based innovations. © The Author(s) 2025.",
Siddique A.; Khan S.; Terrill T.H.; Mahaptra A.K.; Panda S.S.; Morgan E.R.; Pech-Cervantes A.A.; Randall R.; Singh A.; Batchu P.; Gurrapu P.; van Wyk J.A.,Smart farming with AI: Enhancing anemia detection in small ruminants,2025,"Accurate classification of FAMACHA© scores is essential for assessing anemia in small ruminants and optimizing parasite management strategies in livestock agriculture. The FAMACHA© system categorizes anemia severity on a scale from 1 to 5, where scores 1 and 2 indicate healthy animals, score 3 represents a borderline condition, and scores 4 and 5 indicate severe anemia. In this study, a dataset of 4700 images of the lower eye conjunctiva of young male goats was collected weekly over six months using a Samsung A54 smartphone. Traditional FAMACHA© assessment methods rely on subjective visual examination, which is labor-intensive and susceptible to observer bias. To address this limitation, this study implemented machine learning algorithms to automate FAMACHA© classification, leveraging Support Vector Machine (SVM), Backpropagation Neural Network (BPNN), and Convolutional Neural Network (CNN) models. A comparative analysis of these models was conducted using precision, recall, F1-score, and accuracy metrics. The CNN model demonstrated the highest classification accuracy (97.8 %), outperforming both BPNN and SVM. The SVM model achieved a mean accuracy of 84.6 %, with strong performance in severe anemia detection, but limitations in intermediate classes. The overall accuracy of 84 % attained by the BPNN model provided a balanced tradeoff between precision and recall. The CNN model's superior performance was attributed to its ability to learn spatial and contextual patterns from images, ensuring robust classification across all FAMACHA© categories. These findings underscore CNN's potential as a reliable, scalable solution for automated anemia detection in livestock, facilitating early intervention and improving herd health management. The study also highlights the need for future research to explore ensemble learning approaches and integration with mobile applications for real-time deployment for both commercial and resource-limited livestock producers. © 2025",
Waggiallah H.A.; Al-Garni A.; Ghazwani A.A.M.; Bin Shaya A.S.; Al Shmrany H.; Almosaad Y.M.,The future insights of AI Applications in Hematology diseases diagnosis and prognosis: Review Article; [Perspectivas futuras de las aplicaciones de IA en el diagnóstico y pronóstico de enfermedades hematológicas: artículo de revisión],2025,"Artificial intelligence (AI) is rapidly altering the field of hematology, providing novel approaches to diagnosis, prognosis, and management of hematological illnesses. AI technologies, including machine learning (ML) and deep learning (DL), allow for the analysis of massive volumes of clinical, genetic, and imaging data, resulting in more accurate, rapid, and individualized care. In diagnostic hematology, AI is transforming blood smear analysis, bone marrow aspirations, and genomic profiling by automating cell classification, detecting anomalies, and discovering critical genetic changes associated with blood illnesses. AI-powered models are also improving prognostic skills by predicting disease progression, treatment response, and risk of relapse in illnesses such as leukemia, lymphoma, anemia, and myeloproliferative disorders. Furthermore, AI applications in precision medicine enable clinicians to adapt medicines based on individual genetic profiles, thereby increasing therapeutic success and reducing unwanted effects. The combination of AI and modern technology such as wearable health monitors and real-time diagnostic tools promises to improve patient management by providing proactive care via continuous monitoring and adaptive treatment options. As AI develops, it has enormous potential in hematology, enabling early identification, optimizing treatment regimens, and ultimately improving patient survival and quality of life. This study investigates the future implications of AI applications in hematology, emphasizing their revolutionary impact on diagnosis, prognosis, and individualized treatment techniques. © 2025; Los autores.",
Jahan I.; Ahmed S.; Kaiser M.S.; Hossain M.S.,Anemia Detection Using Explainable Boosting Machine,2026,"Anemia is a condition which is characterized by insufficient red blood cells or hemoglobin. It creates a substantial health concern specially for children and women. Thus, the early and accurate detection of anemia is crucial for starting the treatment process and getting optimal health outcomes. The existing anemia detection technique is expensive and can create human error. To address these obstructions, this study proposes a novel anemia detection model based on Explainable Boosting Machines (EBM). The proposed EBM model, combined with effective data preprocessing and class balancing techniques, demonstrates exceptional performance in anemia detection. The simulation results on an anemia dataset show that the model can get an impressive accuracy of 98.69%, precision of 97.28%, recall of 100%, and f1-score of 98.61%. The EBM’s explainability feature provides valuable insights into the decision-making process, facilitating a better understanding of the factors influencing anemia diagnosis. This study highlights the potential of EBM-based approaches for accurate and efficient anemia detection, ensuring the improved healthcare outcomes. © The Author(s), under exclusive license to Springer Nature Singapore Pte Ltd. 2026.",
Ohara T.; Ikeda H.; Sugitani Y.; Suito H.; Huynh V.Q.H.; Kinomura M.; Haraguchi S.; Sakurama K.,Artificial intelligence supported anemia control system (Aisacs) to prevent anemia in maintenance hemodialysis patients,2021,"Anemia, for which erythropoiesis-stimulating agents (ESAs) and iron supplements (ISs) are used as preventive measures, presents important difficulties for hemodialysis patients. Nevertheless, the number of physicians able to manage such medications appropriately is not keeping pace with the rapid increase of hemodialysis patients. Moreover, the high cost of ESAs imposes heavy burdens on medical insurance systems. An artificial-intelligence-supported anemia control system (AISACS) trained using administration direction data from experienced physicians has been developed by the authors. For the system, appropriate data selection and rectification techniques play important roles. Decision making related to ESAs poses a multi-class classification problem for which a two-step classification technique is introduced. Several validations have demonstrated that AISACS exhibits high performance with correct classification rates of 72%–87% and clinically appropriate classification rates of 92%-98%. © The author(s).",26.0
Moreno G.; Camargo A.; Ayala L.; Zimic M.; Del Carpio C.,An Algorithm for the Estimation of Hemoglobin Level from Digital Images of Palpebral Conjunctiva Based in Digital Image Processing and Artificial Intelligence,2024,"Anemia is a common problem that affects a significant part of the world’s population, especially in impoverished countries. This work aims to improve the accessibility of remote diagnostic tools for underserved populations. Our proposal involves implementing algorithms to estimate hemoglobin levels using images of the eyelid conjunctiva and a calibration label captured with a mid-range cell phone. We propose three algorithms: one for calibration label segmentation, another for palpebral conjunctiva segmentation, and the last one for estimating hemoglobin levels based on the segmented images from the previous algorithms. Experiments were performed using a data set of children’s eyelid images and calibration stickers. An L1 norm error of 0.72 g/dL was achieved using the SLIC-GAT model to estimate the hemoglobin level. In conclusion, the integration of these segmentation and regression methods improved the estimation accuracy compared to current approaches, considering that the source of the images was a mid-range commercial camera. The proposed method has the potential for mass screening in low-income rural populations as it is non-invasive, and its simplicity makes it feasible for community health workers with basic training to perform the test. Therefore, this tool could contribute significantly to efforts aimed at combating childhood anemia. © 2024 by the authors of this article.",
Tran T.T.; Yun G.; Kim S.,Artificial intelligence and predictive models for early detection of acute kidney injury: transforming clinical practice,2024,"Acute kidney injury (AKI) presents a significant clinical challenge due to its rapid progression to kidney failure, resulting in serious complications such as electrolyte imbalances, fluid overload, and the potential need for renal replacement therapy. Early detection and prediction of AKI can improve patient outcomes through timely interventions. This review was conducted as a narrative literature review, aiming to explore state-of-the-art models for early detection and prediction of AKI. We conducted a comprehensive review of findings from various studies, highlighting their strengths, limitations, and practical considerations for implementation in healthcare settings. We highlight the potential benefits and challenges of their integration into routine clinical care and emphasize the importance of establishing robust early-detection systems before the introduction of artificial intelligence (AI)-assisted prediction models. Advances in AI for AKI detection and prediction are examined, addressing their clinical applicability, challenges, and opportunities for routine implementation. © The Author(s) 2024.",
Abrisqueta-Costa P.; García-Marco J.A.; Gutiérrez A.; Hernández-Rivas J.Á.; Andreu-Lapiedra R.; Arguello-Tomas M.; Leiva-Farré C.; López-Roda M.D.; Callejo-Mellén Á.; Álvarez-García E.; Loscertales J.,Real-World Evidence on Adverse Events and Healthcare Resource Utilization in Patients with Chronic Lymphocytic Leukaemia in Spain Using Natural Language Processing: The SRealCLL Study,2024,"Objectives: The SRealCLL study described the occurrence of adverse events (AEs) and healthcare resource utilization in patients with chronic lymphocytic leukaemia (CLL) using artificial intelligence in a real-world scenario in Spain. Methods: We collected real-world data on patients with CLL from seven Spanish hospitals between January 2016 and December 2018, focusing on their AE and healthcare service utilization. Data extraction from electronic health records of 385,904 patients was performed using the EHRead® technology, which is based on natural language processing and machine learning. Results: Among the 534 CLL patients finally included, 270 (50.6%) were categorized as watch and wait (W&W), 230 (43.1%) as first-line treatment (1L), and 58 (10.9%) as relapse/refractory with second-line treatment (2L). The median study follow-up periods were 14.4, 8.4, and 6 months for W&W, 1L, and 2L, respectively. The most common antineoplastic treatments were ibrutinib (64.8%) and bendamustine + rituximab (12.6%) in 1L, and ibrutinib (62.1%) and venetoclax (15.5%) in 2L. Among the most frequent AEs, anaemia and thrombocytopenia presented higher rates in the treated groups (1L and 2L) compared with W&W (2.01 and 2.32 vs. 0.93; p ≤ 0.05 and 1.29 and 1.62 vs. 0.42; p ≤ 0.05). Moreover, several AEs, such as major bleeding, digestive symptoms, general symptoms, or Richter syndrome, were more frequent in 1L than W&W (all p ≤ 0.05). No differences were shown between groups in the rates of outpatient visits. However, rates of outpatient visits due to AE were higher in 1L than in W&W (1.07 vs. 0.65, p ≤ 0.05). The rates of patients being hospitalized were higher in the treated groups compared to W&W (1.68 and 1.9 vs. 0.88; p ≤ 0.05), and those due to AE were higher in 1L than W&W (1.23 vs. 0.60; p ≤ 0.05). Conclusions: Patients with CLL in 1L or 2L treatments often require healthcare resources due to AEs, particularly cytopenias. The methodology used in this study likely enabled us to identify higher rates of AEs that may be underreported using other real-world approaches. Addressing AEs with effective agents that maximize patient safety and optimize healthcare resource use is crucial in this typically older and comorbid population. © 2024 by the authors.",
Saputra D.C.E.; Maulana I.; Safitri P.H.; Ratnaningsih T.; Futri I.; Ma’arif A.,Enhancing Anemia Detection with Histogram-Based Gradient Boosting and SMOTE Integration,2025,"Anemia remains a major global health challenge, with conventional diagnostic methods often being invasive, costly, and inaccessible in low-resource settings. Existing AI-based anemia studies primarily rely on large datasets, image modalities, or single-model approaches, yet lack a unified comparative framework using structured hematological data. To address this gap, this study proposes an AI-driven anemia classification framework evaluating five ensemble models, such as Histogram-based Gradient Boosting (HGB), AdaBoost, XGBoost, CatBoost, and Bagging on clinically validated complete blood count (CBC) datasets. The dataset consists of 128 clinically validated CBC samples from Yogyakarta (2020-2021), comprising BTT and IDA cases confirmed via ferritin tests and hemoglobin electrophoresis. Class imbalance was handled using SMOTE, improving model stability and predictive performance. HGB achieved the best results on the anemia dataset after SMOTE (accuracy 0.985, F1-score 0.988, AUC 0.999) and demonstrated strong generalizability on diabetes and heart disease datasets. Its performance benefits from histogram-based binning and robust regularization, enabling efficient training with limited samples. The findings show that integrating HGB with SMOTE provides an accurate, interpretable, and computationally efficient solution for AI-assisted diagnosis, particularly suited for resource-constrained healthcare environments. © 2025 IEEE.",
Smeddinck J.D.; Hussein R.; Bull C.; Foley T.; van Gils M.,Editorial: Supporting sustainable behavior change and empowerment in ubiquitous and learning health systems,2024,[No abstract available],
Bozyel S.; Şimşek E.; Koçyiğit D.; Güler A.; Korkmaz Y.; Şeker M.; Ertürk M.; Keser N.,Artificial Intelligence-Based Clinical Decision Support Systems in Cardiovascular Diseases,2024,"Despite all the advancements in science, medical knowledge, healthcare, and the healthcare industry, cardiovascular disease (CVD) remains the leading cause of morbidity and mortality worldwide. The main reasons are the inadequacy of preventive health services and delays in diagnosis due to the increasing population, the failure of physicians to apply guide-based treatments, the lack of continuous patient follow-up, and the low compliance of patients with doctors’ recommendations. Artificial intelligence (AI)-based clinical decision support systems (CDSSs) are systems that support complex decision-making processes by using AI techniques such as data analysis, foresight, and optimization. Artificial intelligence-based CDSSs play an important role in patient care by providing more accurate and personalized information to healthcare professionals in risk assessment, diagnosis, treatment optimization, and monitoring and early warning of CVD. These are just some examples, and the use of AI for CVD decision support systems is rapidly evolving. However, for these systems to be fully reliable and effective, they need to be trained with accurate data and carefully evaluated by medical professionals. © 2024 Turkish Society of Cardiology. All rights reserved.",
Straw I.; Rees G.; Nachev P.,Sex-Based Performance Disparities in Machine Learning Algorithms for Cardiac Disease Prediction: Exploratory Study,2024,"Background: The presence of bias in artificial intelligence has garnered increased attention, with inequities in algorithmic performance being exposed across the fields of criminal justice, education, and welfare services. In health care, the inequitable performance of algorithms across demographic groups may widen health inequalities. Objective: Here, we identify and characterize bias in cardiology algorithms, looking specifically at algorithms used in the management of heart failure. Methods: Stage 1 involved a literature search of PubMed and Web of Science for key terms relating to cardiac machine learning (ML) algorithms. Papers that built ML models to predict cardiac disease were evaluated for their focus on demographic bias in model performance, and open-source data sets were retained for our investigation. Two open-source data sets were identified: (1) the University of California Irvine Heart Failure data set and (2) the University of California Irvine Coronary Artery Disease data set. We reproduced existing algorithms that have been reported for these data sets, tested them for sex biases in algorithm performance, and assessed a range of remediation techniques for their efficacy in reducing inequities. Particular attention was paid to the false negative rate (FNR), due to the clinical significance of underdiagnosis and missed opportunities for treatment. Results: In stage 1, our literature search returned 127 papers, with 60 meeting the criteria for a full review and only 3 papers highlighting sex differences in algorithm performance. In the papers that reported sex, there was a consistent underrepresentation of female patients in the data sets. No papers investigated racial or ethnic differences. In stage 2, we reproduced algorithms reported in the literature, achieving mean accuracies of 84.24% (SD 3.51%) for data set 1 and 85.72% (SD 1.75%) for data set 2 (random forest models). For data set 1, the FNR was significantly higher for female patients in 13 out of 16 experiments, meeting the threshold of statistical significance (–17.81% to –3.37%; P<.05). A smaller disparity in the false positive rate was significant for male patients in 13 out of 16 experiments (–0.48% to +9.77%; P<.05). We observed an overprediction of disease for male patients (higher false positive rate) and an underprediction of disease for female patients (higher FNR). Sex differences in feature importance suggest that feature selection needs to be demographically tailored. Conclusions: Our research exposes a significant gap in cardiac ML research, highlighting that the underperformance of algorithms for female patients has been overlooked in the published literature. Our study quantifies sex disparities in algorithmic performance and explores several sources of bias. We found an underrepresentation of female patients in the data sets used to train algorithms, identified sex biases in model error rates, and demonstrated that a series of remediation techniques were unable to address the inequities present. ©Isabel Straw, Geraint Rees, Parashkev Nachev.",
Dohál M.; Porvazník I.; Solovič I.; Mokrý J.,"Advancing tuberculosis management: the role of predictive, preventive, and personalized medicine",2023,"Tuberculosis is a major global health issue, with approximately 10 million people falling ill and 1.4 million dying yearly. One of the most significant challenges to public health is the emergence of drug-resistant tuberculosis. For the last half-century, treating tuberculosis has adhered to a uniform management strategy in most patients. However, treatment ineffectiveness in some individuals with pulmonary tuberculosis presents a major challenge to the global tuberculosis control initiative. Unfavorable outcomes of tuberculosis treatment (including mortality, treatment failure, loss of follow-up, and unevaluated cases) may result in increased transmission of tuberculosis and the emergence of drug-resistant strains. Treatment failure may occur due to drug-resistant strains, non-adherence to medication, inadequate absorption of drugs, or low-quality healthcare. Identifying the underlying cause and adjusting the treatment accordingly to address treatment failure is important. This is where approaches such as artificial intelligence, genetic screening, and whole genome sequencing can play a critical role. In this review, we suggest a set of particular clinical applications of these approaches, which might have the potential to influence decisions regarding the clinical management of tuberculosis patients. Copyright © 2023 Dohál, Porvazník, Solovič and Mokrý.",19.0
Abdullah A.; Saddiqi H.A.; Qasim M.; Khitab A.; Khan M.; Ahmad S.,Anemia prediction using gene expression programming (GEP) and explainable artificial intelligence approaches,2025,"Anemia being a global health disorder, affecting millions of people, especially pregnant women, children, and the elderly. Proper and timely diagnosis must be ensured to prevent its adverse effects, but the traditional diagnostic methods are very time-consuming, costly, and subject to human mistakes. This research investigates the application of Gene Expression Programming (GEP), a proven technique in machine learning (ML), in predicting anemia. A publicly available dataset on Kaggle was utilized, with clinical parameters including hemoglobin and red blood cell indices. The hyperparameters of the GEP model were best optimized, and the accuracy rate was 99.30 %. To increase the interpretability of the model, Explainable AI methods Local Interpretable Model-agnostic Explanations (LIME) and Shapley Additive exPlanations (SHAP) were used. The findings revealed that hemoglobin levels and gender were the most significant features for predicting anemia. The work brings into limelight the usefulness of ML-based diagnostic solutions in medicine with dependable, automatic, and interpretable models for classifying anemia. © 2025 Elsevier Ltd",
Nashwan A.J.; Alkhawaldeh I.M.; Shaheen N.; Albalkhi I.; Serag I.; Sarhan K.; Abujaber A.A.; Abd-Alrazaq A.; Yassin M.A.,Using artificial intelligence to improve body iron quantification: A scoping review,2023,"This scoping review explores the potential of artificial intelligence (AI) in enhancing the screening, diagnosis, and monitoring of disorders related to body iron levels. A systematic search was performed to identify studies that utilize machine learning in iron-related disorders. The search revealed a wide range of machine learning algorithms used by different studies. Notably, most studies used a single data type. The studies varied in terms of sample sizes, participant ages, and geographical locations. AI's role in quantifying iron concentration is still in its early stages, yet its potential is significant. The question is whether AI-based diagnostic biomarkers can offer innovative approaches for screening, diagnosing, and monitoring of iron overload and anemia. © 2023 The Author(s)",17.0
Demir G.; Yegin Z.,Artificial intelligence: its potential in personalized public health strategies and genetic data analysis: a narrative review,2025,"This review comprehensively evaluates personalized public health strategies using artificial intelligence (AI) in disease prediction/management and genetic data analysis. In the field of healthcare, AI has achieved significant advancements in the analysis of public health and genetic data. Its applications in public health include predicting the spread of infectious diseases, evaluating individual risk factors, and optimizing resource management. In the realm of genetic data, AI offers groundbreaking contributions such as identifying disease risk factors, analyzing genetic mutations, and developing personalized treatment plans. In this review, we evaluated the importance of AI in preventive medicine in a structured way and by including concrete application examples. Ethical and legal responsibilities must be considered due to the significant implications of AI-generated decisions. By integrating AI into public health and genetics, we are poised to unlock unprecedented opportunities for advancing human health. This approach not only enhances our ability to understand and address complex health challenges but also paves the way for equitable, effective, and individualized care solutions on a global scale. In this review, we addressed to the interactions between particular subdomains of personalized public health strategies and AI with most recent literature and legal/ethical perspective. © 2025 Informa UK Limited, trading as Taylor & Francis Group.",
Nerlekar H.V.; Jadhav P.S.,Leveraging Machine Learning for Predictive Healthcare Models: Hematological and Rheumatologic Approaches to Machine Learning in Healthcare,2026,"The application of machine learning (ML) in performing accurate diagnoses, treatment optimization, and enhanced patient care has transformed it into a mainstay of the healthcare system in recent years. This chapter discusses the application of ML to assist with blood and rheumatologic disorders, focusing on predictive algorithms intended for personalized early diagnosis, treatment, and management of the disease. Multifactorial and heterogeneous manifestations of some complicated anemia, leukemia, and lymphoma make the diseases difficult to treat. The use of ML techniques such as decision trees, neural networks, and random forests to analyze blood data for predicting disease progression has been carried out. Some models can analyze DNA data, clinical information, and laboratory results to detect certain patterns and indicators of blood disorders. Even though there lies a great deal of possibilities with ML in hematology and rheumatology, there are considerable challenges regarding the quality of data, model explainability, clinical relevance, and integration. For adaptable ML frameworks that can be used without modification across diverse populations, these gaps in the literature pose urgent concerns. © 2026 Scrivener Publishing LLC.",
Verma M.; Swarnkar T.,"Multiclass Anemia Classification with Imbalanced data: A Comparative Study of SMOTE, Tomek Link and ADASYN using Hold-Out and Stratified Cross Validation",2025,"Anemia and iron deficiency remain major public health issues in underdeveloped regions such as Bangladesh, India, Pakistan, and Africa. Conventional diagnosis relies on blood tests, but cost-effective, scalable alternatives are needed in resource-limited settings. This study applies machine learning for multi-class anemia classification (mild, moderate, severe) following WHO standards. To address dataset imbalance, SMOTE with Tomek Links and ADASYN were used. Six ML mod-els were evaluated using hold-out and stratified cross-validation, with performance measured by accuracy, sensitivity, specificity, and precision. Among them, SVM with ADASYN achieved the highest sensitivity (97.7%), emphasizing the importance of handling class imbalance for reliable anemia detection in low-resource environ-ments. © 2025 IEEE.",
Marode T.P.; Bhangdiya V.K.; Nemane S.; Tulaskar D.; Sarad V.M.; Sankar K.; Chopade S.; Avthankar A.; Bhaiyya M.; Kulkarni M.B.,Artificial Intelligence Meets Nail Diagnostics: Emerging Image-Based Sensing Platforms for Non-Invasive Disease Detection,2026,"Artificial intelligence (AI) and machine learning (ML) are transforming medical diagnostics, but human nail, an easily accessible and rich biological substrate, is still not fully exploited in the digital health field. Nail pathologies are easily diagnosed, non-invasive disease biomarkers, including systemic diseases such as anemia, diabetes, psoriasis, melanoma, and fungal diseases. This review presents the first big synthesis of image analysis for nail lesions incorporating AI/ML for diagnostic purposes. Where dermatological reviews to date have been more wide-ranging in scope, our review will focus specifically on diagnosis and screening related to nails. The various technological modalities involved (smartphone imaging, dermoscopy, Optical Coherence Tomography) will be presented, together with the different processing techniques for images (color corrections, segmentation, cropping of regions of interest), and models that range from classical methods to deep learning, with annotated descriptions of each. There will also be additional descriptions of AI applications related to some diseases, together with analytical discussions regarding real-world impediments to clinical application, including scarcity of data, variations in skin type, annotation errors, and other laws of clinical adoption. Some emerging solutions will also be emphasized: explainable AI (XAI), federated learning, and platform diagnostics allied with smartphones. Bridging the gap between clinical dermatology, artificial intelligence and mobile health, this review consolidates our existing knowledge and charts a path through yet others to scalable, equitable, and trustworthy nail based medically diagnostic techniques. Our findings advocate for interdisciplinary innovation to bring AI-enabled nail analysis from lab prototypes to routine healthcare and global screening initiatives. © 2026 by the authors.",
Langlotz C.P.,Will artificial intelligence replace radiologists?,2019,[No abstract available],192.0
Omar M.O.; Ali M.J.A.; Qabillie S.E.; Haji A.I.; Takriti M.B.; Atif A.H.; Imran R.,Beyond Vision: Potential Role of AI-enabled Ocular Scans in the Prediction of Aging and Systemic Disorders,2024,"In all medical subfields, including ophthalmology, the development of artificial intelligence (AI), particularly cutting-edge deep learning frameworks, has sparked a quiet revolution. The eyes and the rest of the body are anatomically related because of the unique microvascular and neuronal structures they possess. Therefore, ocular image-based AI technology may be a helpful substitute or extra screening method for systemic disorders, particularly in areas with limited resources. This paper provides an overview of existing AI applications for the prediction of systemic diseases from multimodal ocular pictures, including retinal diseases, neurological diseases, anemia, chronic kidney disease, autoimmune diseases, sleep disorders, cardiovascular diseases, and various others. It also covers the process of aging and its predictive biomarkers obtained from AI-based retinal scans. Finally, we also go through these applications existing problems and potential future paths. © All material is licensed under terms of the Creative Commons Attribution 4.0 International (CC-BY-NC-ND 4.0) license unless otherwise stated.",
Chikumba S.; Hu Y.,Deep learning-based fundus image analysis for cardiovascular disease: a review,2023,"It is well established that the retina provides insights beyond the eye. Through observation of retinal microvascular changes, studies have shown that the retina contains information related to cardiovascular disease. Despite the tremendous efforts toward reducing the effects of cardiovascular diseases, they remain a global challenge and a significant public health concern. Conventionally, predicting the risk of cardiovascular disease involves the assessment of preclinical features, risk factors, or biomarkers. However, they are associated with cost implications, and tests to acquire predictive parameters are invasive. Artificial intelligence systems, particularly deep learning (DL) methods applied to fundus images have been generating significant interest as an adjunct assessment tool with the potential of enhancing efforts to prevent cardiovascular disease mortality. Risk factors such as age, gender, smoking status, hypertension, and diabetes can be predicted from fundus images using DL applications with comparable performance to human beings. A clinical change to incorporate DL systems for the analysis of fundus images as an equally good test over more expensive and invasive procedures may require conducting prospective clinical trials to mitigate all the possible ethical challenges and medicolegal implications. This review presents current evidence regarding the use of DL applications on fundus images to predict cardiovascular disease. © The Author(s), 2023.",23.0
Görlinger K.,Is Artificial Intelligence Going to Predict Patient Blood Management in Cardiac Critical Care in 2026?,2026,[No abstract available],
Stevenson D.K.; Wong R.J.; Reiss J.D.; Shaw G.M.; Aghaeepour N.; Mahzarnia A.; Marić I.,Advancing neonatal health: the promise and challenges of universal genome sequencing in newborn screening,2025,[No abstract available],
Arnita N.; Sai K.T.; Pranavi R.S.; Manimaran S.,Swasthyapath-A Comprehensive Assistance for Health Risk Analysis,2025,"Due to the increasing occurrence of chronic diseases and the immense quantity of diagnostic data, there is a growing demand for smart systems that help individuals and clinicians better understand health measures and provide proper interpretations for those measures. We present Swasthyapath, a webbased application that can accurately predict and analyze the aetiology of four major health conditions, namely-Heart Disease, Diabetes, Hypertension and Anemia. Health checkup data is accepted by the system in. csv and. docx formats, automatically extracting key clinical features, using custom parsers. It is a comprehensive risk analysis assistance that uses custom formulas for risk prediction for multiple diseases. Scores are stratified based on threshold levels into low, moderate, or high risk levels. Random Forest classifiers trained on datasets to achieve high accuracy and generalization form the crux of the prediction engine. In addition, it compares with the performance of other alternative algorithms such as K-Nearest Neighbors, XGBoost, Logistic Regression, Support Vector Machine and Decision Tree. The application also allows easy-To-understand graphical visualizations of disease trends across different checkups to be accessed, as well as descriptive PDF documents of the user's risk profile. It offers an easy-To-use platform that allows individuals to track their health over time and helps clinicians make informed, datadriven decisions. © 2025 IEEE.",
Saputra D.C.E.; Pertiwi A.M.; Adiputra D.; Rahmawati D.P.; Ma'arif A.; Suwarno I.; Raharja N.M.; Maghfiroh H.; Riyadi M.A.Q.,Optimization of dendritic neuron model framework through activation pairing for multidomain medical diagnosis,2026,"Accurate and interpretable medical diagnosis remains a critical challenge due to the heterogeneous nature of clinical data and the limitations of conventional machine learning models in capturing complex nonlinear relationships. Dendritic neuron models (DNMs), inspired by biological neural processing, offer a promising alternative through localized nonlinear integration. Rather than introducing new dendritic architectures, this study presents a systematic and activation-aware analysis of existing dendritic neuron models to examine how activation function pairings and dendritic depth influence learning stability and classification performance. Three dendritic variants, namely the Standard DNM, Multi-Dendritic Neural Network (MDNN), and Multi-In and Multi-Out Dendritic Neuron Layer (MODN), are evaluated under multiple dendritic–somatic activation pairings using a unified gradient-based learning framework. Unlike prior studies that rely on metaheuristic optimization or task-specific tuning, gradient-based training is adopted to improve convergence efficiency and reproducibility. Experimental results on five heterogeneous medical datasets demonstrate consistently strong diagnostic performance, achieving accuracy above 90 % on anemia and breast cancer datasets and competitive results on heart disease, diabetes, and hepatitis. Overall, the study provides insight into the interaction between activation behavior and dendritic architecture, highlighting the importance of activation-aware modeling for biologically inspired medical diagnosis and establishing a foundation for efficient and deployable dendritic learning systems. © 2026 The Authors.",
Swinnerton K.; Fillmore N.R.; Vo A.; La J.; Elbers D.; Brophy M.; Do N.V.; Monach P.A.; Branch-Elliman W.,Leveraging near-real-time patient and population data to incorporate fluctuating risk of severe COVID-19: development and prospective validation of a personalised risk prediction tool,2025,"Background: Novel strategies that account for population-level changes in dominant variants, immunity, testing practices and changes in individual risk profiles are needed to identify patients who remain at high risk of severe COVID-19. The aim of this study was to develop and prospectively validate a tool to predict absolute risk of severe COVID-19 incorporating dynamic parameters at the patient and population levels that could be used to inform clinical care. Methods: A retrospective cohort of vaccinated US Veterans with SARS-CoV-2 from July 1, 2021, through August 25, 2023 was created. Models were estimated using logistic-regression-based machine learning with backward selection and included a variable with fluctuating absolute risk of severe COVID-19 to account for temporal changes. Age, sex, vaccine type, fully boosted status, and prior infection before vaccination were included a priori. Variations in individual risk over time, e.g., due to receipt of immune suppressive medications, were also potentially included. The model was developed using data from July 1, 2021, through August 31, 2022 and prospectively validated on a subsequent second cohort (September 1, 2022, through August 25, 2023). Model performance was quantified by the area under the receiver operating characteristic curve (AUC) and calibration by Brier score. The final model was used to compare observed rates of severe disease to predicted rates among patients who received oral antivirals. Findings: 216,890 SARS-CoV-2 infections in Veterans not treated with oral antivirals were included (median age, 65; 88% male). The development cohort included 165,303 patients (66,121 in the training set, 49,591 in the tuning set, and 49,591 in the testing set) and the prospective validation cohort included 51,587 patients. The percentage of severe infections ranged from 5% to 25%. Model performance improved until 24 clinical predictor variables including age, co-morbidities, and immune-suppressive medications plus a 30-day rolling risk window were included (AUC in development cohort, 0.88 (95% CI, 0.87–0.88), AUC in prospective validation, 0.85 (95% CI, 0.84–0.85), Brier Score, 0.13). The most important variables for predicting severe disease included age, chronic kidney disease, chronic obstructive pulmonary disease, Alzheimer's disease, heart failure, and anaemia. Glucocorticoid use during the one-month prior to COVID-19 diagnosis was the next most important predictor. Models that included a near-real time fluctuating population risk variable performed better than models stratified by circulating variant and models with dominant variant included as a predictor. Patients with predicted severe disease risk >3% who received oral antivirals had approximately 4-fold lower rates of severe COVID-19 untreated patients at a similar risk level. Interpretation: Our novel risk prediction tool uses a simple method to adjust for temporal changes and can be implemented to facilitate uptake of evidence-based therapies. The study provides proof-of-concept for leveraging real-time data to support risk prediction that incorporates changing population-level trends and variation patient-level risk. Funding: This work was supported by the VA Boston Cooperative Studies Programme. WBE was supported by VA HSR&D IIR 20-076; VA HSR&D IIR 20-101; VA National Artificial Intelligence Institute. © 2025",
Paydaş Hataysal E.; Körez M.K.,Machine Learning-Based Prediction of β-Thalassemia Trait Using Red Blood Cell Indices,2026,"Objectives: Anemia is a significant global health concern, with hypochromic microcytic anemia being the most common type. Among its causes, β-thalassemia trait (β-TT) and iron deficiency anemia (IDA) share similar hematological features, making differentiation challenging. We aimed to develop machine learning (ML) models using routine red blood cell (RBC) indices to distinguish β-TT, IDA, and healthy cases. Methods: A total of 8106 individuals (3378 healthy, 2696 IDA, 2032 β-TT) were included in this study. Six RBC parameters—RBC count, hemoglobin (HGB), mean corpuscular volume (MCV), mean corpuscular hemoglobin (MCH), MCH concentration (MCHC), and RBC distribution width (RDW-CV)—were used to train eXtreme gradient boosting (XGB), random forest (RF), and neural network (NN) models. The dataset was split into training (70%) and testing (30%) sets, with feature importance assessed via the Boruta algorithm. All statistical analyses were performed using R version 4.3.1 Statistical Language. Results: All models achieved high accuracy (> 97%), with RF demonstrating superior performance (97.86% accuracy, 99.71% AUC). The most significant features contributing to the models are MCH for the XGB algorithm, MCV for the RF algorithm, and HGB for the NN algorithm. Conclusions: Our findings demonstrate that ML-based models could offer a promising tool for improving β-TT detection, optimizing clinical workflows, and enhancing resource utilization in hematology. © 2025 John Wiley & Sons Ltd.",
Choudhury D.; Dolezal J.M.; Dyer E.; Kochanny S.; Ramesh S.; Howard F.M.; Margalus J.R.; Schroeder A.; Schulte J.; Garassino M.C.; Kather J.N.; Pearson A.T.,"Developing a low-cost, open-source, locally manufactured workstation and computational pipeline for automated histopathology evaluation using deep learning",2024,"Background: Deployment and access to state-of-the-art precision medicine technologies remains a fundamental challenge in providing equitable global cancer care in low-resource settings. The expansion of digital pathology in recent years and its potential interface with diagnostic artificial intelligence algorithms provides an opportunity to democratize access to personalized medicine. Current digital pathology workstations, however, cost thousands to hundreds of thousands of dollars. As cancer incidence rises in many low- and middle-income countries, the validation and implementation of low-cost automated diagnostic tools will be crucial to helping healthcare providers manage the growing burden of cancer. Methods: Here we describe a low-cost ($230) workstation for digital slide capture and computational analysis composed of open-source components. We analyze the predictive performance of deep learning models when they are used to evaluate pathology images captured using this open-source workstation versus images captured using common, significantly more expensive hardware. Validation studies assessed model performance on three distinct datasets and predictive models: head and neck squamous cell carcinoma (HPV positive versus HPV negative), lung cancer (adenocarcinoma versus squamous cell carcinoma), and breast cancer (invasive ductal carcinoma versus invasive lobular carcinoma). Findings: When compared to traditional pathology image capture methods, low-cost digital slide capture and analysis with the open-source workstation, including the low-cost microscope device, was associated with model performance of comparable accuracy for breast, lung, and HNSCC classification. At the patient level of analysis, AUROC was 0.84 for HNSCC HPV status prediction, 1.0 for lung cancer subtype prediction, and 0.80 for breast cancer classification. Interpretation: Our ability to maintain model performance despite decreased image quality and low-power computational hardware demonstrates that it is feasible to massively reduce costs associated with deploying deep learning models for digital pathology applications. Improving access to cutting-edge diagnostic tools may provide an avenue for reducing disparities in cancer care between high- and low-income regions. Funding: Funding for this project including personnel support was provided via grants from NIH/ NCI R25-CA240134, NIH/ NCI U01-CA243075, NIH/ NIDCR R56-DE030958, NIH/ NCI R01-CA276652, NIH/ NCI K08-CA283261, NIH/ NCI-SOAR 25CA240134, SU2C (Stand Up to Cancer) Fanconi Anemia Research Fund – Farrah Fawcett Foundation Head and Neck Cancer Research Team Grant, and the European Union Horizon Program ( I3LUNG). © 2024",
Zhang X.-R.; Li Z.-Q.; Sun L.-X.; Liu P.; Li Z.-H.; Li P.-F.; Zhao H.-W.; Chen B.-L.; Ji M.; Wang L.; Kang S.; Lang J.-H.; Mao C.; Chen C.-L.,Cohort Profile: Chinese Cervical Cancer Clinical Study,2021,"Cervical cancer is the fourth most common cancer worldwide, but its incidence varies greatly in different countries. Regardless of incidence or mortality, the burden of cervical cancer in China accounts for approximately 18% of the global burden. The Chinese Cervical Cancer Clinical Study is a hospital-based multicenter open cohort. The major aims of this study include (i) to explore the associations of therapeutic strategies with complications as well as mid- and long-term clinical outcomes; (ii) to widely assess the factors which may have an influence on the prognosis of cervical cancer and then guide the treatment options, and to estimate prognosis using a prediction model for precise post-treatment care and follow-up; (iii) to develop a knowledge base of cervical clinical auxiliary diagnosis and prognosis prediction using artificial intelligence and machine learning approaches; and (iv) to roughly map the burden of cervical cancer in different districts and monitoring the trend in incidence of cervical cancer to potentially inform prevention and control strategies. Patients eligible for inclusion were those diagnosed with cervical cancer, whether during an outpatient visit or hospital admission, at 47 different types of medical institutions in 19 cities of 11 provinces across mainland China between 2004 and 2018. In a total, 63 926 patients with cervical cancer were enrolled in the cohort. Since the project inception, a large number of standardized variables have been collected, including epidemiological characteristics, cervical cancer-related symptoms, physical examination results, laboratory testing results, imaging reports, tumor biomarkers, tumor staging, tumor characteristics, comorbidities, co-infections, treatment and short-term complications. Follow-up was performed at least once every 6 months within the first 5 years after receiving treatment and then annually thereafter. At present, we are developing a cervical cancer imaging database containing Dicom files with data of computed tomography/magnetic resonance imaging examination. Additionally, we are also collecting original pathological specimens of patients with cervical cancer. Potential collaborators are welcomed to contact the corresponding authors, and anyone can submit at least one specific study proposal describing the background, objectives and methods of the study. © Copyright © 2021 Zhang, Li, Sun, Liu, Li, Li, Zhao, Chen, Ji, Wang, Kang, Lang, Mao and Chen.",8.0
Monaghan C.K.; Willetts J.; Han H.; Chaudhuri S.; Ficociello L.H.; Kraus M.A.; Giles H.E.; Usvyat L.; Turk J.,Home Dialysis Prediction Using Artificial Intelligence,2025,[No abstract available],
Vives Corrons J.-L.,Understanding Rare Anemias: Emerging Frontiers for Diagnosis and Treatment,2024,"Background—This review provides a comprehensive overview of rare anemias, emphasizing their hereditary and acquired causes, diagnostic advancements, and evolving treatment strategies. It outlines the significance of rare anemias within public health, historical challenges in recognition and treatment, and the role of European initiatives like ENERCA and EuroBloodNet in advancing care. Content—This document discusses diagnostic technologies like next-generation sequencing and the impact of artificial intelligence, alongside the promising avenues of gene therapy, targeted drug treatments, and stem cell transplantation. It underscores the importance of a patient-tailored approach, advances in diagnostic tools, and the necessity for continued research, patient advocacy, and international collaboration to improve outcomes for individuals with rare anemias. © 2024 by the author.",
Yumrukuz Şenel M.; Karadoğan D.; Vardaloğlu I.; Develi E.; Çelik S.; Hızal M.; Özseren B.; Öncel A.; Can İ.; Hürsoy N.; Uyar K.; Karakaş F.G.; Er B.; Asfuroğlu P.; Gürsoy T.R.; Eyüboğlu T.Ş.; Çakır E.P.; Ademhan D.; Karaoğlanoğlu S.; Emiralioğlu N.; Öztürk N.A.A.; Marim F.; Güçlü Ö.A.; Çetin N.; Topçu D.Ö.; Çelik P.; Akgün M.,ERS International Virtual Congress 2021: Highlights from the Turkish Thoracic Society Early Career Members,2022,"This review aimed to highlight some important points derived from the presentations of the European Respiratory Society 2021 Virtual International Congress by a committee formed by the Early Career Task Group of the Turkish Thoracic Society. We summarized a wide range of topics including current developments of respiratory diseases and provided an overview of important and striking topics of the congress. Our primary motivation was to give some up-to-date information and new developments discussed during congress especially for the pulmonologists who did not have a chance to follow the congress. This review also committed an opportunity to get an overview of the newest data in the diverse fields of respiratory medicine such as post-coronavirus disease 2019, some new interventional and technologic developments related to respiratory health, and new treatment strategies. © Author(s).",0.0
Brydges G.; Chang G.J.; Gan T.J.; Konishi T.; Gottumukkala V.; Uppal A.,Testing Machine Learning Models to Predict Postoperative Ileus after Colorectal Surgery,2024,"Background: Postoperative ileus (POI) is a common complication after colorectal surgery, leading to increased hospital stay and costs. This study aimed to explore patient comorbidities that contribute to the development of POI in the colorectal surgical population and compare machine learning (ML) model accuracy to existing risk instruments. Study Design: In a retrospective study, data were collected on 316 adult patients who underwent colorectal surgery from January 2020 to December 2021. The study excluded patients undergoing multi-visceral resections, re-operations, or combined primary and metastatic resections. Patients lacking follow-up within 90 days after surgery were also excluded. Eight different ML models were trained and cross-validated using 29 patient comorbidities and four comorbidity risk indices (ASA Status, NSQIP, CCI, and ECI). Results: The study found that 6.33% of patients experienced POI. Age, BMI, gender, kidney disease, anemia, arrhythmia, rheumatoid arthritis, and NSQIP score were identified as significant predictors of POI. The ML models with the greatest accuracy were AdaBoost tuned with grid search (94.2%) and XG Boost tuned with grid search (85.2%). Conclusions: This study suggests that ML models can predict the risk of POI with high accuracy and may offer a new frontier in early detection and intervention for postoperative outcome optimization. ML models can greatly improve the prediction and prevention of POI in colorectal surgery patients, which can lead to improved patient outcomes and reduced healthcare costs. Further research is required to validate and assess the replicability of these results. © 2024 by the authors.",
Siddique A.; Panda S.S.; Khan S.; Dargan S.T.; Lewis S.; Carter I.; Van Wyk J.A.; Mahapatra A.K.; Morgan E.R.; Terrill T.H.,Innovations in animal health: artificial intelligence-enhanced hematocrit analysis for rapid anemia detection in small ruminants,2024,"Due to their value as a food source, fiber, and other products globally, there has been a growing focus on the wellbeing and health of small ruminants, particularly in relation to anemia induced by blood-feeding gastrointestinal parasites like Haemonchus contortus. The objective of this study was to assess the packed cell volume (PCV) levels in blood samples from small ruminants, specifically goats, and create an efficient biosensor for more convenient, yet accurate detection of anemia for on-farm use in agricultural environments for animal production optimization. The study encompassed 75 adult male Spanish goats, which underwent PCV testing to ascertain their PCV ranges and their association with anemic conditions. Using artificial intelligence-powered machine learning algorithms, an advanced, easy-to-use sensor was developed for rapidly alerting farmers as to low red blood cell count of their animals in this way to enable timely medical intervention. The developed sensor utilizes a semi-invasive technique that requires only a small blood sample. More precisely, a volume of 30 μL of blood was placed onto Whatman filter paper No. 1, previously soaked with anhydrous glycerol. The blood dispersion pattern on the glycerol-infused paper was then recorded using a smartphone after 180 s. Subsequently, these images were examined in correlation with established PCV values obtained from conventional PCV analysis. Four separate machine learning models (ML) supported models, namely support vector machine (SVM), K-nearest neighbors (KNN), backpropagation neural network (BPNN), and image classification-based Keras model, were created and assessed using the image dataset. The dataset consisted of 1,054 images that were divided into training, testing, and validation sets in a 70:20:10 ratio. The initial findings indicated a detection accuracy of 76.06% after only 10 epochs for recognizing different levels of PCV in relation to anemia, ranging from healthy to severely anemic. This testing accuracy increased markedly, to 95.8% after 100 epochs and other model parameter optimization. Results for SVM had an overall F1 score of 74–100% in identifying the PCV range for blood pattern images representing healthy to severely anemic animals, and BPNN showed 91–100% accuracy in identifying the PCV range for anemia detection. This work demonstrates that AI-driven biosensors can be used for on-site rapid anemia detection. Optimized machine learning models maximize detection accuracy, proving the sensor’s validity and rapidity in assessing anemia levels. This breakthrough will allow farmers, with rapid results, to increase animal wellbeing and agricultural productivity. Copyright © 2024 Siddique, Panda, Khan, Dargan, Lewis, Carter, Van Wyk, Mahapatra, Morgan and Terrill.",
Abraham A.; Le B.; Kosti I.; Straub P.; Velez-Edwards D.R.; Davis L.K.; Newton J.M.; Muglia L.J.; Rokas A.; Bejan C.A.; Sirota M.; Capra J.A.,Dense phenotyping from electronic health records enables machine learning-based prediction of preterm birth,2022,"Background: Identifying pregnancies at risk for preterm birth, one of the leading causes of worldwide infant mortality, has the potential to improve prenatal care. However, we lack broadly applicable methods to accurately predict preterm birth risk. The dense longitudinal information present in electronic health records (EHRs) is enabling scalable and cost-efficient risk modeling of many diseases, but EHR resources have been largely untapped in the study of pregnancy. Methods: Here, we apply machine learning to diverse data from EHRs with 35,282 deliveries to predict singleton preterm birth. Results: We find that machine learning models based on billing codes alone can predict preterm birth risk at various gestational ages (e.g., ROC-AUC = 0.75, PR-AUC = 0.40 at 28 weeks of gestation) and outperform comparable models trained using known risk factors (e.g., ROC-AUC = 0.65, PR-AUC = 0.25 at 28 weeks). Examining the patterns learned by the model reveals it stratifies deliveries into interpretable groups, including high-risk preterm birth subtypes enriched for distinct comorbidities. Our machine learning approach also predicts preterm birth subtypes (spontaneous vs. indicated), mode of delivery, and recurrent preterm birth. Finally, we demonstrate the portability of our approach by showing that the prediction models maintain their accuracy on a large, independent cohort (5978 deliveries) from a different healthcare system. Conclusions: By leveraging rich phenotypic and genetic features derived from EHRs, we suggest that machine learning algorithms have great potential to improve medical care during pregnancy. However, further work is needed before these models can be applied in clinical settings. © 2022, The Author(s).",28.0
Awaad A.S.; Elbarawy Y.M.; Mancy H.; Ghannam N.E.,Exploring CBC Data for Anemia Diagnosis: A Machine Learning and Ontology Perspective,2025,"Background: Anemia, a common health disorder affecting populations globally, demands timely and accurate diagnosis for treatment to be effective. The aim of this paper is to detect and classify four types of anemia: hgb, iron-deficiency, folate-deficiency, and B12-deficiency anemia. Methods: This paper proposes an ontology-enhanced machine learning (ML) framework to classify types of anemia from CBC data obtained from Kaggle, which contains 15,300 patient records. It evaluates the effects of classical versus deep classifiers on imbalanced and oversampled training samples. Tests include KNN, SVM, DT, RF, CNN, CNN+SVM, CNN+RF, and XGBoost. Another interesting contribution is the use of ontological reasoning via SPARQL queries to semantically enrich clinical features with categories like “Low Hemoglobin” or “Macrocytic MCV”. These semantic features were then used in both classical (SVM) and deep hybrid models (CNN+SVM). Results: Ontology-enhanced and CNN hybrid models perform competitively when paired with ROS or ADASYN, but their performance degrades significantly on the original dataset. There were tremendous performance gains with ontology-enhanced models in that Onto-CNN+SVM achieved an F1-score (1.00) for all the four types of anemia under ROS sampling, while Onto-SVM exhibited more than 20% improvement in F1-scores for minority categories like folate and B12 when compared to baseline models, except XGBoost. Conclusions: Ontology-driven knowledge coalescence has been shown to improve classification results; however, XGBoost consistently outperformed all other classifiers across all data conditions, making it the most robust and reliable model for clinically relevant decision-support systems in anemia diagnosis. © 2025 by the authors.",
Revathi M.; Raghuraman G.; Visumathi J.,Performance Analysis of Machine Learning Algorithms in the Systematic Prediction of Chronic Kidney Disease on an Imbalanced Dataset,2023,"The applications of artificial intelligence in the field of medicine is growing rapidly. Huge volume of patient related data is available and if this data is properly utilized, it will be helpful in the diagnosis as well as treatment of many diseases. Chronic kidney disease (CKD) is a progressive reduction in the function of kidney which is not reversible. During the progress in disease development, patients may suffer from other health issues like diabetes, high blood pressure, anaemia etc. At the end stage, dialysis will be a temporary solution and kidney transplantation is the permanent solution. The progress of the disease towards end stage may stop, if we identify the disease at the earlier stage and accurate treatment is given. Nowadays, machine learning as well as deep learning algorithms helps the medical experts in the prediction of many diseases. In this work, various algorithms have been used in the prediction of CKD and a comparison of results have been done. It is found that artificial neural network (ANN) is able to predict the disease with higher accuracy than the other algorithms being used. © 2023, The Author(s), under exclusive license to Springer Nature Singapore Pte Ltd.",8.0
Memmolo P.; Aprea G.; Bianco V.; Russo R.; Andolfo I.; Mugnano M.; Merola F.; Miccio L.; Iolascon A.; Ferraro P.,Differential diagnosis of hereditary anemias from a fraction of blood drop by digital holography and hierarchical machine learning,2022,"Anemia affects about the 25% of the global population and can provoke severe diseases, ranging from weakness and dizziness to pregnancy problems, arrhythmias and hearth failures. About 10% of the patients are affected by rare anemias of which 80% are hereditary. Early differential diagnosis of anemia enables prescribing patients a proper treatment and diet, which is effective to mitigate the associated symptoms. Nevertheless, the differential diagnosis of these conditions is often difficult due to shared and overlapping phenotypes. Indeed, the complete blood count and unaided peripheral blood smear observation cannot always provide a reliable differential diagnosis, so that biomedical assays and genetic tests are needed. These procedures are not error-free, require skilled personnel, and severely impact the financial resources of national health systems. Here we show a differential screening system for hereditary anemias that relies on holographic imaging and artificial intelligence. Label-free holographic imaging is aided by a hierarchical machine learning decider that works even in the presence of a very limited dataset but is enough accurate for discerning between different anemia classes with minimal morphological dissimilarities. It is worth to notice that only a few tens of cells from each patient are sufficient to obtain a correct diagnosis, with the advantage of significantly limiting the volume of blood drawn. This work paves the way to a wider use of home screening systems for point of care blood testing and telemedicine with lab-on-chip platforms. © 2022 Elsevier B.V.",51.0
Pillay T.S.; Khan A.I.; Yenice S.,Artificial intelligence (AI) in point-of-care testing,2025,"The integration of artificial intelligence (AI) into point-of-care testing (POCT) represents a transformative leap in modern healthcare, addressing critical challenges in diagnostic accuracy, workflow efficiency, and equitable access. While POCT has revolutionized decentralized care through rapid results, its potential is hindered by variability in accuracy, integration hurdles, and resource constraints. AI technologies—encompassing machine learning, deep learning, and natural language processing—offer robust solutions: convolutional neural networks improve malaria detection in sub-Saharan Africa to 95 % sensitivity, while predictive analytics reduce device downtime by 20 % in resource-limited settings. AI-driven decision support systems curtail antibiotic misuse by 40 % through real-time data synthesis, and portable AI devices enable anaemia screening in rural India with 94 % accuracy, slashing diagnostic delays from weeks to hours. Despite these advancements, challenges persist, including data privacy risks, algorithmic opacity, and infrastructural gaps in low- and middle-income countries. Explainable AI frameworks and blockchain encryption are critical to building clinician trust and ensuring regulatory compliance. Future directions emphasize the convergence of AI with Internet of Things (IoT) and blockchain for predictive diagnostics, as demonstrated by AI-IoT systems forecasting dengue outbreaks 14 days in advance. Personalized medicine, powered by genomic and wearable data integration, further underscores AI potential to tailor therapies, reducing cardiovascular events by 25 %. Realizing this vision demands interdisciplinary collaboration, ethical governance, and equitable implementation to bridge global health disparities. By harmonizing innovation with accessibility, AI-enhanced POCT emerges as a cornerstone of proactive, patient-centered healthcare, poised to democratize diagnostics and drive sustainable health equity worldwide. © 2025 The Author(s)",
Miltenberg B.; Yeramosu T.; Johns W.L.; Onor G.; Martinazzi B.; Chang M.; Namdari S.,Prediction of overnight stay following shoulder arthroplasty utilizing machine learning,2024,"Background: Total shoulder arthroplasty (TSA) has evolved from requiring extended inpatient hospital stays to favoring same-day discharges, influenced by improved surgical techniques, patient optimization, and the risks associated with inpatient stays. The removal of TSA from Medicare's inpatient-only list in 2021 underscores this shift. However, the need for accurate prediction of post-TSA admission remains, as hospital admissions are costly and linked to increased morbidity and mortality. Machine learning algorithms offer potential advantages over traditional predictive models by identifying complex, nonlinear relationships. This study aimed to demonstrate and compare the performance of commonly used machine learning algorithms to predict overnight hospital stay (OHS) admission. Methods: This study used data from the American College of Surgeons National Quality Improvement Program 2021 database to analyze patients who underwent primary, elective TSA. Patients were divided into short hospital stay of 0-1 days and OHS of >1 day cohorts. Machine learning models, including Random Forest, Artificial Neural Network (ANN), Gradient Boosted Tree, Naïve Bayes, and Support Vector Machine, were trained and validated to predict OHS. The models' predictive capacities were compared using the area under the receiver operating characteristics curve, calibration, and decision curve analysis. Results: Out of 5811 patients analyzed, 926 (15.9%) were discharged on the same day. The ANN model demonstrated the highest area under the receiver operating characteristics curve (0.811), indicating superior predictive ability. Important variables influencing OHS predictions included operative time, body mass index, functional status, and patient demographics, such as age, race, and home support. Machine learning models showed better predictive performance than multivariate logistic regression. Conclusion: Machine learning models, particularly the ANN model, outperform traditional regression methods in predicting post-TSA admission, highlighting their utility in optimizing patient selection for outpatient surgery. These models identify important variables associated with increased risk of OHS, aiding in preoperative planning and patient counseling. Integrating machine learning into clinical practice may enhance surgical outcomes and patient satisfaction while reducing health-care costs. © 2024 American Shoulder and Elbow Surgeons",
Chakraborty S.; Kansara K.; Dinesh Kumar R.; Swaminathan D.; Aatre K.; Acharya S.,Non-invasive Estimation of Clinical Severity of Anemia Using Hierarchical Ensemble Classifiers,2022,"Purpose: Current techniques of anemia classification are either invasive, expensive or inaccurate, making them ill-suited for community health-worker based screening programs. In this study, we propose an Artificial Intelligence (AI) based anemia classification method using a multi-wavelength non-invasive photometry device. Methods: A finger mounted photo-plethysmogram (PPG) device was designed to acquire PPG signals at four wavelengths (590, 660, 810, and 940 nm). A set of 13 attenuation and ratio-of-ratio features, derived using the peak and trough information extracted from the PPG signals, were used to develop a three-way hierarchical ensemble classification scheme using a machine-learning algorithm. PPG data from the device and true hemoglobin data from laboratory-based cell counters was collected for 1583 women of childbearing age and subjects were classified into either healthy (Hemoglobin, Hb > 11 g/dL), anemic (Hb: 7–11 g/dL) or severely anemic (Hb < 7 g/dL) categories. Results: We report a classification sensitivity of 92% (p < 0.05) and specificity of 84% (p < 0.05) in differentiating anemic and non-anemic women. We also report a sensitivity of 76% (p < 0.05), and specificity of 74% (p < 0.05) in identifying severe anemia. Conclusion: We believe that the proposed anemia classification algorithm, along with the associated sensor has the potential to be productized as a low-cost non-invasive anemia-screening device to rapidly determine next steps in clinical decision making in widespread community interventions. © 2022, Taiwanese Society of Biomedical Engineering.",16.0
Caliandro P.; Lenkowicz J.; Reale G.; Scaringi S.; Zauli A.; Uccheddu C.; Fabiole-Nicoletto S.; Patarnello S.; Damiani A.; Tagliaferri L.; Valente I.; Moci M.; Monforte M.; Valentini V.; Calabresi P.,Artificial intelligence to predict individualized outcome of acute ischemic stroke patients: The SIBILLA project,2024,"Introduction: Formulating reliable prognosis for ischemic stroke patients remains a challenging task. We aimed to develop an artificial intelligence model able to formulate in the first 24 h after stroke an individualized prognosis in terms of NIHSS. Patients and methods: Seven hundred ninety four acute ischemic stroke patients were divided into a training (597) and testing (197) cohort. Clinical and instrumental data were collected in the first 24 h. We evaluated the performance of four machine-learning models (Random Forest, K-Nearest Neighbors, Support Vector Machine, XGBoost) in predicting NIHSS at discharge both in terms of variation between discharge and admission (regressor approach) and in terms of severity class namely NIHSS 0–5, 6–10, 11–20, >20 (classifier approach). We used Shapley Additive exPlanations values to weight features impact on predictions. Results: XGBoost emerged as the best performing model. The classifier and regressor approaches perform similarly in terms of accuracy (80% vs 75%) and f1-score (79% vs 77%) respectively. However, the regressor has higher precision (85% vs 68%) in predicting prognosis of very severe stroke patients (NIHSS > 20). NIHSS at admission and 24 hours, GCS at 24 hours, heart rate, acute ischemic lesion on CT-scan and TICI score were the most impacting features on the prediction. Discussion: Our approach, which employs an artificial intelligence based-tool, inherently able to continuously learn and improve its performance, could improve care pathway and support stroke physicians in the communication with patients and caregivers. Conclusion: XGBoost reliably predicts individualized outcome in terms of NIHSS at discharge in the first 24 hours after stroke. © European Stroke Organisation 2024.",
Pena G.; Cornejo J.; Rodriguez S.,Artificial Intelligence for Risk Prediction of Anemia Disease: Bioinformatics Scoping Review,2025,"Anemia and other hematological disorders represent a major global health burden, affecting over 1.6 billion people, particularly women and children. These conditions are often underdiagnosed due to limited access to diagnostic resources and medical infrastructure. In recent times, Artificial Intelligence (AI) has become a valuable tool for the prediction and identification of such disorders using structured clinical data, hematological parameters, and medical imaging through techniques like Deep Learning and Machine Learning. This review systematically analyzes studies published between 2019 and 2025 that applied AI methods to predict or classify anemia and associated disorders. Research articles in English were retrieved from databases such as Scopus, PubMed, and ScienceDirect, with 25 relevant studies selected based on defined inclusion criteria using the PICOC framework. Findings show that AI models often achieve high performance, with accuracy frequently exceeding 80 percent, and strong sensitivity and specificity. Supervised learning approaches were the most applied and consistently effective. Despite these promising results, challenges remain in clinical validation, data variability, and model interpretability. This review highlights the growing role of AI in medical diagnostics and underscores the necessity for strong, transparent, and widely models for reliable use in the clinical environment.  © 2025 IEEE.",
Nowakowska K.; Sakellarios A.; Kaźmierski J.; Fotiadis D.I.; Pezoulas V.C.,AI-Enhanced Predictive Modeling for Identifying Depression and Delirium in Cardiovascular Patients Scheduled for Cardiac Surgery,2024,"Several studies have demonstrated a critical association between cardiovascular disease (CVD) and mental health, revealing that approximately one-third of individuals with CVD also experience depression. This comorbidity significantly increases the risk of cardiac complications and mortality, a risk that persists regardless of traditional factors. Addressing this issue, our study pioneers a straightforward, explainable, and data-driven pipeline for predicting depression in CVD patients. Methods: Our study was conducted at a cardiac surgical intensive care unit. A total of 224 participants who were scheduled for elective coronary artery bypass graft surgery (CABG) were enrolled in the study. Prior to surgery, each patient underwent psychiatric evaluation to identify major depressive disorder (MDD) based on the DSM-5 criteria. An advanced data curation workflow was applied to eliminate outliers and inconsistencies and improve data quality. An explainable AI-empowered pipeline was developed, where sophisticated machine learning techniques, including the AdaBoost, random forest, and XGBoost algorithms, were trained and tested on the curated data based on a stratified cross-validation approach. Results: Our findings identified a significant correlation between the biomarker “sRAGE” and depression (r = 0.32, p = 0.038). Among the applied models, the random forest classifier demonstrated superior accuracy in predicting depression, with notable scores in accuracy (0.62), sensitivity (0.71), specificity (0.53), and area under the curve (0.67). Conclusions: This study provides compelling evidence that depression in CVD patients, particularly those with elevated “sRAGE” levels, can be predicted with a 62% accuracy rate. Our AI-driven approach offers a promising way for early identification and intervention, potentially revolutionizing care strategies in this vulnerable population. © 2023 by the authors.",
Larrainzar-Garijo R.; Fernández-Tormos E.; Collado-Escudero C.A.; Alcantud Ibáñez M.; Oñorbe-San Francisco F.; Marin-Corral J.; Casadevall D.; Donaire-Gonzalez D.; Martínez-Sanchez L.; Cabal-Hierro L.; Benavent D.; Brañas F.,Predictive model for a second hip fracture occurrence using natural language processing and machine learning on electronic health records,2024,"Hip fractures (HFx) are associated with a higher morbidity and mortality rates, leading to a significant reduction in life quality and in limitation of patient´s mobility. The present study aimed to obtain real-world evidence on the clinical characteristics of patients with an initial and a second hip fracture (HFx) and develop a predictive model for second HFx using artificial intelligence. Electronic health records from one hospital centre in Spain from January 2011 to December 2019 were analysed using EHRead® technology, based on natural language processing and machine learning. A total of 1,960 patients with HFx were finally included during the study period after meeting all inclusion and exclusion criteria. From this total, 1835 (93.6%) patients were included in the HFx subgroup, while 124 (6.4%) were admitted to the second HFx (2HFx) subgroup. The mean age of the participants was 84 years and 75.5% were female. Most of comorbidities were more frequently identified in the HFx group, including hypertension (72.0% vs. 67.2%), cognitive impairment (33.0% vs. 31.2%), diabetes mellitus (28.7% vs. 24.8%), heart failure (27.6% vs. 22.4%) and chronic kidney disease (26.9% vs. 16.0%). Based on clinical criteria, 26 features were selected as potential prediction factors. From there, 16 demographics and clinical characteristics such as comorbidities, medications, measures of disabilities for ambulation and type of refracture were selected for development of a competitive risk model. Specifically, those predictors with different associated risk ratios, sorted from higher to lower risk relevance were visual deficit, malnutrition, walking assistance, hypothyroidism, female sex, osteoporosis treatment, pertrochanteric fracture, dementia, age at index, osteoporosis, renal failure, stroke, COPD, heart disease, anaemia, and asthma. This model showed good performance (dependent AUC: 0.69; apparent performance: 0.75) and could help the identification of patients with higher risk of developing a second HFx, allowing preventive measures. This study expands the current available information of HFx patients in Spain and identifies factors that exhibit potential in predicting a second HFx among older patients. © 2024, The Author(s).",
Fan B.E.; Kwok N.T.E.; Chen D.T.Y.; Kuperan P.; Abdul Latiff S.T.B.; Wong M.S.; Ong Y.X.; Lim K.G.E.; Wong W.Y.K.; Lim S.P.; Yong B.S.J.; Shanmugam H.; Neo Y.S.; Ong Y.P.J.; Winkler S.,Artificial intelligence-generated peripheral blood film images using generative adversarial networks and diffusion models,2023,[No abstract available],6.0
Maynard S.; Farrington J.; Raza S.; Stanworth S.J.,Artificial Intelligence Implementation in Transfusion Medicine: Addressing the Challenges of Clinical Adoption,2026,"Artificial intelligence (AI) and machine learning (ML) are increasingly promoted to enhance transfusion and patient blood management, yet real-world implementation remains rare. We reviewed recent exemplar studies reporting prospective deployment with workflow integration to examine translational features, barriers, and enablers of AI/ML integration. On June 18, 2025, we searched PubMed and Web of Science for articles from January 2022 onward. Of 1243 records screened and 31 full texts reviewed, 3 studies met inclusion criteria. The exemplars comprised: (1) a laboratory-embedded tool predicting low ferritin in anemic adults, which during a 21-day deployment identified additional iron deficiency relevant to pretransfusion optimization; (2) a patient-facing smartphone application estimating hemoglobin from fingernail images, adopted nationally by >200,000 users with potential implications for anemia screening; and (3) a clinician-facing smartphone decision support tool predicting resuscitation needs in trauma, piloted across 5 centers with acceptable feasibility and user satisfaction in a transfusion-intensive setting. Common enablers included alignment with clinical need, use of existing data infrastructure, interpretable tree-based models, and early stakeholder engagement. Persistent barriers were data quality and governance, limited generalizability, and absence of economic evaluation. Importantly, no study demonstrated improvement in clinical outcomes or cost. For clinical adoption, AI tools must integrate into routine workflows with clear safety, monitoring, and regulatory plans. Future research should apply implementation frameworks from the outset, evaluate downstream impact on transfusion practice and outcomes, and prioritize scalable approaches such as laboratory-embedded analytics, interoperable decision support, and patient-centered digital tools. © 2026 The Author(s)",
Gerget O.; Devyatykh D.; Shcherbakov M.,Data-driven approach for modeling of control action impact on anemia dynamics based on energy-informational health state criteria,2017,"In this work, spatial and time parameters were used to estimate the state of a biosystem on the strength of all attributes from integral criteria based on the Kullback information metric that is considered as a metric of a preferential behavior of a bio-object. Proximity of observed and preferential (reference) states is analyzed in the attribute space, where the proximity is normalized in the Mahalanobis model by an intraset distance of the reference state. Proposed approach can be considered as decision support instrument for medical experts evaluating possible outcomes of several treatment procedures. By modeling dynamics of individual integral criteria, the authors demonstrated the possibility of predicting the impact of sorbifer durules and mecsidol on the health state of pregnant women diagnosed with anemia. Experimental data included 8 blood properties from 92 pregnant women at different gestation periods measured at 3 timesteps: before; while; after applying treatment defined by medical experts. Treatment was considered as control action on biosystem and implicitly embedded into basic machine learning models such as linear regression and multilayer perceptrone. “Brute” approach to cross-validation identified several unique cases that could not be learned by models, due to lack of representativeness in original dataset and not model’s relative simplicity. Revealed anomalies were proven to be correct by medical experts from Tomsk neonatal health center. © Springer International Publishing AG 2017.",2.0
Chishti S.; Nosheen F.; Fatima J.; Sultan N.; Khalid M.,From CBC to clarity: Interpretable detection of beta-thalassemia carriers in imbalanced datasets,2025,"Thalassemia is an inherited blood disorder and is among the five most prevalent birth-related complications, especially in Southeast Asia. Thalassemia is classified into two main types—alpha-thalassemia and beta-thalassemia—based on the reduced or absent production of the corresponding globin chains. Over the past couple of decades, researchers have increasingly focused on the application of machine learning algorithms to medical data for identifying hidden patterns to assist in the prediction and classification of diseases and patients. To effectively analyze more complex medical data, more robust machine learning models have been developed to address various health issues. Many researchers have employed different artificial intelligence-based algorithms, i.e., Random Forest, Decision Tree, Support Vector Machine, ensemble-based classifiers, and deep neural networks to accurately detect carriers of beta-thalassemia by training on both diseased and normal test reports. While genetic testing is required by doctors for the most accurate diagnosis, a simple Complete Blood Count (CBC) report can be used to estimate the likelihood of being a beta-thalassemia carrier. Various models have successfully identified beta-thalassemia carriers using CBC data alone, but these models perform classification and prediction based on normalized data. They achieve high accuracy but at the cost of substantial changes to the dataset through class normalization. In this research, we have proposed a Dominance-based Rough Set Approach model to classify patients without balancing the classes (Normal, Abnormal), and the model achieved good performance (91% accuracy). In terms of generalization, the proposed model obtained 89% accuracy on unseen data, comparable to or better than existing approaches. © 2025 Chishti et al. This is an open access article distributed under the terms of the Creative Commons Attribution License, which permits unrestricted use, distribution, and reproduction in any medium, provided the original author and source are credited.",
Siniscalchi C.; Bernardi F.F.; Perrella A.; Di Micco P.,Remote Monitoring Model Based on Artificial Intelligence to Optimize DOAC Therapy: A Working Hypothesis for Safer Anticoagulation,2025,"Background: Direct oral anticoagulants (DOACs) have become the standard of care for preventing venous thromboembolism (VTE) and cardioembolic stroke in patients with atrial fibrillation, due to their predictable pharmacokinetics and reduced need for frequent laboratory monitoring. However, long-term DOAC use still carries a risk of complications such as gastrointestinal or occult bleeding and progressive renal decline, particularly in elderly and frail patients. Objective: This study proposes a remote monitoring model integrated with AI supports designed to enhance the safety and personalization of chronic DOAC therapy in both inpatient and outpatient settings. Methods: Building on existing national frameworks in which DOAC prescriptions are regulated by experienced physicians through regional digital platforms, we developed a structured model that integrates automatic alerts for abnormal laboratory trends, potential drug interactions, and changes in clinical status. The system uses artificial intelligence to identify high-risk patterns, such as declining hemoglobin or glomerular filtration rate, before symptoms appear, enabling early intervention. Results: The proposed model is presented as an integrated workflow supported by structured components. This conceptual framework facilitates real-time surveillance of patient data, supports clinical decision-making, and is expected to reduce preventable complications. Anticipated benefits include improved clinical appropriateness, better resource allocation, and reduced avoidable emergency visits. Conclusions: remote monitoring system integrated with AI supports for predefinite items for long term treatment with DOACs can significantly improve safety and continuity of care. By replacing passive surveillance with predictive, automated alerts, this model exemplifies how digitalization can enhance the efficiency and responsiveness of the National Health System. © 2025 by the authors.",
Pallavi; Basumatary B.; Shukla R.; Kumar R.; Das B.; Sahani A.K.,A Deep Learning-based System for Detecting Anemia from Eye Conjunctiva Images taken from a Smartphone,2024,"Anemia is a severe health condition commonly prevalent among women of reproductive age and children below five years. Screening patients before the condition becomes critical and can save many lives. World Health Organization (WHO) has set the “Global nutrition target 2025-anemia,” aiming to reduce 50% of anemia cases among women of reproductive age. This target can be achieved through a time-efficient, cost-effective, and easy-to-use tool. Traditional testing methods require specific chemicals, machines, and equipment that are not available everywhere. It also requires the presence of nurses, laboratory workers, and doctors. These methods are costly, time-consuming, and produce biohazard waste, thus polluting the environment. We developed an Artificial Intelligence (AI)-based bot that can be used for screening people for anemia. The bot service is based on two models: a segmentation model to segment the Region of Interest (ROI) and a classification model to classify anemic cases from normal ones. To train the model, we have collected data from 160 anemic and 140 non-anemic persons. In this paper, we have explained the architecture of the models, all the training parameters, and their deployment on cloud services using the REAN chatbot service. We manage to reach an Intersection Over Union (IOU) score of 0.922 for the segmentation model; validation recall of 0.95 and validation accuracy of 0.9699 for the classification model. This system is easy to use and does not depend on the availability of comprehensive laboratory infrastructure or trained personnel and thus can enable screening of anemia in low-resource settings. © 2024 IETE.",
Cave D.R.; Hakimian S.; Patel K.,Current Controversies Concerning Capsule Endoscopy,2019,"Video capsule endoscopy became a reality in 2001. This device enabled us to directly view the mucosa of the small intestine for the first time. The main indications for the video capsule remain the detection of small intestinal bleeding and iron deficiency anemia, diagnosis and management of Crohn’s disease, and detection of tumors. The device is extraordinarily safe and can be used in the very young to the very old. However, there remain several areas of controversy and difficulty. These are covered in this article and include details of indications and contraindications, whether to prepare patients, whether or not to use simethicone and prokinetics. Detection of location of the capsule remains a major engineering challenge. Reading the videos reliably and quickly remains challenging. However, artificial intelligence and machine learning are already on the horizon to provide assistance. New uses for capsule endoscopy promise more accurate diagnosis and hence improved management of acute gastrointestinal bleeding. The colon capsule may eventually help those who refuse conventional colonoscopy, and robotically controlled capsules may be helpful in screening for serious disease in patients with upper abdominal complaints. The advent of the broadening use of video capsule endoscopy is, though it will be controversial, embraced by some and derided by others; such is the nature of technological development. In the long run, if the use of the video capsule, based on sound evidence-based studies, can be shown to improve the care of our patients and reduce the cost of health care, its use will continue to expand. © 2019, Springer Science+Business Media, LLC, part of Springer Nature.",36.0
Ahmed M.I.; Rizvee R.A.; Masud N.; Choity A.S.; Khan J.; Shihab S.,XAI-Driven Comparative Framework for Anemia Diagnosis Using SHAP and LIME,2025,"Anemia is a widespread health problem, particularly among young children, pregnant or postpartum women, and menstruating girls and women. It arises from a lack of healthy red blood cells to carry oxygen, leading to fatigue, shortness of breath, and reduced physical capacity. Often tied to poor nutrition or underlying conditions in low-resource areas, anemia demands early and accurate detection for effective care. While machine learning (ML) has shown strong potential for improving diagnostic accuracy, it lack's of transparency often referred to as the black box problem can make it difficult for clinicians to fully trust and adopt these systems in practice. To improve model interpretability, two widely used explanation methods, SHAP (SHapley Additive exPlanations) and LIME (Local Interpretable Model-agnostic Explanations), were integrated with the ML classifiers. A publicly available dataset of 364 patient blood test results was utilized, and a supervised oversampling hybrid resampling technique was applied to address class imbalance in the multi-class classification task. The results are showed that the LightGBM model achieved the best performance, with an accuracy of 98.84% and a perfect ROC-AUC score of 1.00. It was great at telling different anemia types apart, which helps with treatment choices. By integrating SHAP and LIME, the framework delivers patient-specific explanations that make the model's decisions easier to understand and more practical for clinical use. With its high accuracy and clear interpretability, this approach offers a reliable solution for anemia diagnosis, particularly in resource-limited settings, and can help encourage wider adoption of intelligent healthcare systems. © 2025 IEEE.",
Kalra D.,The importance of real-world data to precision medicine,2019,[No abstract available],19.0
Khalaf M.; Hussain A.J.; Keight R.; Al-Jumeily D.; Fergus P.; Keenan R.; Tso P.,Machine learning approaches to the application of disease modifying therapy for sickle cell using classification models,2017,"This paper discusses the use of machine learning techniques for the classification of medical data, specifically for guiding disease modifying therapies for Sickle Cell. Extensive research has indicated that machine learning approaches generate significant improvements when used for the pre-processing of medical time-series data signals and have assisted in obtaining high accuracy in the classification of medical data. The aim of this paper is to present findings for several classes of learning algorithm for medically related problems. The initial case study addressed in this paper involves classifying the dosage of medication required for the treatment of patients with Sickle Cell Disease. We use different machine learning architectures in order to investigate the accuracy and performance within the case study. The main purpose of applying classification approach is to enable healthcare organisations to provide accurate amount of medication. The results obtained from a range of models during our experiments have shown that of the proposed models, recurrent networks produced inferior results in comparison to conventional feedforward neural networks and the Random Forest model. For our dataset, it was found that the Random Forest Classifier produced the highest levels of performance overall. © 2016 Elsevier B.V.",45.0
Elendu C.; John Okah M.; Fiemotongha K.D.J.; Adeyemo B.I.; Bassey B.N.; Omeludike E.K.; Obidigbo B.,Comprehensive advancements in the prevention and treatment of diabetic nephropathy: A narrative review,2023,"Diabetic nephropathy (DN) is a common and severe complication of diabetes mellitus and is the leading cause of chronic kidney disease (CKD) worldwide. Despite current treatments, many individuals with DN progress to end-stage renal disease (ESRD), requiring dialysis or kidney transplantation. The advancement in our understanding of the pathogenesis of diabetic nephropathy has led to the development of new prevention and treatment strategies. We comprehensively reviewed the literature on advances in the prevention and treatment of DN. We searched PubMed, Scopus, and Web of Science databases for articles published between 2000 and 2023, using keywords such as ""diabetic nephropathy,"" ""prevention,"" ""treatment,"" and ""recent advances."" The recent advances in the prevention and treatment of DN include novel approaches targeting inflammation and fibrosis, such as inhibitors of the nuclear factor kappa-B (NF-kB) pathway, inhibitors of the transforming growth factor-beta (TGF-beta) pathway, and anti-inflammatory cytokines. Other promising strategies include stem cell therapy, gene therapy, and artificial intelligence-based approaches, such as predictive models based on machine learning algorithms that can identify individuals at high risk of developing DN and guide personalized treatment strategies. Combination therapies targeting multiple disease pathways may also offer the most significant potential for improving outcomes for individuals with DN. Overall, the recent advances in the prevention and treatment of DN represent promising avenues for future research and clinical development. Novel therapies targeting inflammation and fibrosis, stem cell and gene therapies, and artificial intelligence-based approaches all show great potential for improving outcomes for individuals with DN. © 2023 Lippincott Williams and Wilkins. All rights reserved.",51.0
Ellis R.J.; Wang Z.; Genes N.; Ma'Ayan A.,Predicting opioid dependence from electronic health records with machine learning,2019,"Background: The opioid epidemic in the United States is averaging over 100 deaths per day due to overdose. The effectiveness of opioids as pain treatments, and the drug-seeking behavior of opioid addicts, leads physicians in the United States to issue over 200 million opioid prescriptions every year. To better understand the biomedical profile of opioid-dependent patients, we analyzed information from electronic health records (EHR) including lab tests, vital signs, medical procedures, prescriptions, and other data from millions of patients to predict opioid substance dependence. Results: We trained a machine learning model to classify patients by likelihood of having a diagnosis of substance dependence using EHR data from patients diagnosed with substance dependence, along with control patients with no history of substance-related conditions, matched by age, gender, and status of HIV, hepatitis C, and sickle cell disease. The top machine learning classifier using all features achieved a mean area under the receiver operating characteristic (AUROC) curve of ~ 92%, and analysis of the model uncovered associations between basic clinical factors and substance dependence. Additionally, diagnoses, prescriptions, and procedures prior to the diagnoses of substance dependence were analyzed to elucidate the clinical profile of substance-dependent patients, relative to controls. Conclusions: The predictive model may hold utility for identifying patients at risk of developing dependence, risk of overdose, and opioid-seeking patients that report other symptoms in their visits to the emergency room. © 2019 The Author(s).",76.0
Babu A.S.; Parthasarathy S.,Computer-Vision-Based Non-Invasive Detection of Anemia from Medical Images: A Scoping Review of Artificial Intelligence with Applications in Drug Delivery and Therapeutic Monitoring,2026,"Anemia is one of the most significant global health concerns, with one-third of the world's population, including children and pregnant women, affected by it. The traditional method of diagnosing anemia involves blood tests, which can be expensive, time-consuming, and challenging, especially for developing countries. Recent developments in artificial intelligence, machine learning, and deep learning have enabled the creation of non-invasive diagnostic tools for detecting anemia, which utilize computer vision for the detection of biomarkers such as the color of tissues such as the conjunctiva, fingernails, palmar tissue, and gingiva, which indicate the presence of pallor, which is associated with hemoglobin deficiency. This scoping review aims to provide an overview of the literature on artificial intelligence-based computer vision for the detection of anemia, which has been conducted between 2017 and 2025. The literature indicates that there is high diagnostic accuracy, which is above 90%, for detecting anemia using convolutional neural networks, support vector machines, and transformer-based models, while image preprocessing plays a significant role in improving the performance of the model. The findings highlight the growing role of computer-vision and machine learning systems in enabling non-invasive screening of anemia through medical image analysis. Computer-based diagnostic platforms that incorporate smartphone imaging technologies may also assist in the development of rapid screening technologies in the community and primary care domains. However, some of the limitations of the current AI-based non-invasive screening technologies include the small datasets, differences in image acquisition conditions, and the lack of external validations in different populations. Despite the limitations, the AI-based non-invasive screening technologies hold significant promise to enhance the detection of anemia in resource-constrained environments. © 2026, Dr. Yashwant Research Labs Pvt. Ltd. All rights reserved.",
Holmstrom L.; Bednarski B.; Chugh H.; Aziz H.; Pham H.N.; Sargsyan A.; Uy-Evanado A.; Dey D.; Salvucci A.; Jui J.; Reinier K.; Slomka P.J.; Chugh S.S.,Artificial Intelligence Model Predicts Sudden Cardiac Arrest Manifesting with Pulseless Electric Activity Versus Ventricular Fibrillation,2024,"BACKGROUND: There is no specific treatment for sudden cardiac arrest (SCA) manifesting as pulseless electric activity (PEA) and survival rates are low; unlike ventricular fibrillation (VF), which is treatable by defibrillation. Development of novel treatments requires fundamental clinical studies, but access to the true initial rhythm has been a limiting factor. METHODS: Using demographics and detailed clinical variables, we trained and tested an AI model (extreme gradient boosting) to differentiate PEA-SCA versus VF-SCA in a novel setting that provided the true initial rhythm. A subgroup of SCAs are witnessed by emergency medical services personnel, and because the response time is zero, the true SCA initial rhythm is recorded. The internal cohort consisted of 421 emergency medical services-witnessed out-of-hospital SCAs with PEA or VF as the initial rhythm in the Portland, Oregon metropolitan area. External validation was performed in 220 emergency medical services-witnessed SCAs from Ventura, CA. RESULTS: In the internal cohort, the artificial intelligence model achieved an area under the receiver operating characteristic curve of 0.68 (95% CI, 0.61-0.76). Model performance was similar in the external cohort, achieving an area under the receiver operating characteristic curve of 0.72 (95% CI, 0.59-0.84). Anemia, older age, increased weight, and dyspnea as a warning symptom were the most important features of PEA-SCA; younger age, chest pain as a warning symptom and established coronary artery disease were important features associated with VF. CONCLUSIONS: The artificial intelligence model identified novel features of PEA-SCA, differentiated from VF-SCA and was successfully replicated in an external cohort. These findings enhance the mechanistic understanding of PEA-SCA with potential implications for developing novel management strategies. © 2024 Lippincott Williams and Wilkins. All rights reserved.",
